Temperatura,Umidade,Chuva,Vento,Delta T,sp,wh,ir,bp
0.020000,0.020000,0.020000,0.020000,0.020000,0.317531,0.500000,0.364947,0.167524
0.020000,0.020000,0.020000,0.020000,0.340000,0.317531,0.500000,0.364947,0.167524
0.020000,0.020000,0.020000,0.020000,0.660000,0.317531,0.500000,0.364947,0.167524
0.020000,0.020000,0.020000,0.020000,0.980000,0.317028,0.500000,0.364947,0.167524
0.020000,0.020000,0.020000,0.340000,0.020000,0.317531,0.500000,0.364947,0.167524
0.020000,0.020000,0.020000,0.340000,0.340000,0.317531,0.500000,0.364947,0.167524
0.020000,0.020000,0.020000,0.340000,0.660000,0.317531,0.500000,0.364947,0.167524
0.020000,0.020000,0.020000,0.340000,0.980000,0.317028,0.500000,0.364947,0.167524
0.020000,0.020000,0.020000,0.660000,0.020000,0.315450,0.500000,0.364947,0.167524
0.020000,0.020000,0.020000,0.660000,0.340000,0.315450,0.500000,0.364947,0.167524
0.020000,0.020000,0.020000,0.660000,0.660000,0.315450,0.500000,0.364947,0.167524
0.020000,0.020000,0.020000,0.660000,0.980000,0.315450,0.500000,0.364947,0.167524
0.020000,0.020000,0.020000,0.980000,0.020000,0.316876,0.500000,0.364947,0.167524
0.020000,0.020000,0.020000,0.980000,0.340000,0.316876,0.500000,0.364947,0.167524
0.020000,0.020000,0.020000,0.980000,0.660000,0.316876,0.500000,0.364947,0.167524
0.020000,0.020000,0.020000,0.980000,0.980000,0.316876,0.500000,0.364947,0.167524
0.020000,0.020000,0.340000,0.020000,0.020000,0.317531,0.500000,0.364952,0.167524
0.020000,0.020000,0.340000,0.020000,0.340000,0.317531,0.500000,0.364952,0.167524
0.020000,0.020000,0.340000,0.020000,0.660000,0.317531,0.500000,0.364952,0.167524
0.020000,0.020000,0.340000,0.020000,0.980000,0.317028,0.500000,0.364952,0.167524
0.020000,0.020000,0.340000,0.340000,0.020000,0.317531,0.500000,0.364952,0.167524
0.020000,0.020000,0.340000,0.340000,0.340000,0.318654,0.500000,0.364952,0.167524
0.020000,0.020000,0.340000,0.340000,0.660000,0.317531,0.500000,0.364952,0.167524
0.020000,0.020000,0.340000,0.340000,0.980000,0.317028,0.500000,0.364952,0.167524
0.020000,0.020000,0.340000,0.660000,0.020000,0.315450,0.500000,0.364952,0.167524
0.020000,0.020000,0.340000,0.660000,0.340000,0.315450,0.500000,0.364952,0.167524
0.020000,0.020000,0.340000,0.660000,0.660000,0.315450,0.500000,0.364952,0.167524
0.020000,0.020000,0.340000,0.660000,0.980000,0.315450,0.500000,0.364952,0.167524
0.020000,0.020000,0.340000,0.980000,0.020000,0.316876,0.500000,0.364952,0.167524
0.020000,0.020000,0.340000,0.980000,0.340000,0.316876,0.500000,0.364952,0.167524
0.020000,0.020000,0.340000,0.980000,0.660000,0.316876,0.500000,0.364952,0.167524
0.020000,0.020000,0.340000,0.980000,0.980000,0.316876,0.500000,0.364952,0.167524
0.020000,0.020000,0.660000,0.020000,0.020000,0.317531,0.500000,0.364952,0.167524
0.020000,0.020000,0.660000,0.020000,0.340000,0.317531,0.500000,0.364952,0.167524
0.020000,0.020000,0.660000,0.020000,0.660000,0.315568,0.500000,0.364952,0.167524
0.020000,0.020000,0.660000,0.020000,0.980000,0.317028,0.500000,0.364952,0.167524
0.020000,0.020000,0.660000,0.340000,0.020000,0.317531,0.500000,0.364952,0.167524
0.020000,0.020000,0.660000,0.340000,0.340000,0.317531,0.500000,0.364952,0.167524
0.020000,0.020000,0.660000,0.340000,0.660000,0.315568,0.500000,0.364952,0.167524
0.020000,0.020000,0.660000,0.340000,0.980000,0.317028,0.500000,0.364952,0.167524
0.020000,0.020000,0.660000,0.660000,0.020000,0.315450,0.500000,0.364952,0.167524
0.020000,0.020000,0.660000,0.660000,0.340000,0.315450,0.500000,0.364952,0.167524
0.020000,0.020000,0.660000,0.660000,0.660000,0.315450,0.500000,0.364952,0.167524
0.020000,0.020000,0.660000,0.660000,0.980000,0.315450,0.500000,0.364952,0.167524
0.020000,0.020000,0.660000,0.980000,0.020000,0.316876,0.500000,0.364952,0.167524
0.020000,0.020000,0.660000,0.980000,0.340000,0.316876,0.500000,0.364952,0.167524
0.020000,0.020000,0.660000,0.980000,0.660000,0.315568,0.500000,0.364952,0.167524
0.020000,0.020000,0.660000,0.980000,0.980000,0.316876,0.500000,0.364952,0.167524
0.020000,0.020000,0.980000,0.020000,0.020000,0.317531,0.500000,0.364952,0.167524
0.020000,0.020000,0.980000,0.020000,0.340000,0.317531,0.500000,0.364952,0.167524
0.020000,0.020000,0.980000,0.020000,0.660000,0.317441,0.500000,0.364952,0.167524
0.020000,0.020000,0.980000,0.020000,0.980000,0.317028,0.500000,0.364952,0.167524
0.020000,0.020000,0.980000,0.340000,0.020000,0.317531,0.500000,0.364952,0.167524
0.020000,0.020000,0.980000,0.340000,0.340000,0.317531,0.500000,0.364952,0.167524
0.020000,0.020000,0.980000,0.340000,0.660000,0.317441,0.500000,0.364952,0.167524
0.020000,0.020000,0.980000,0.340000,0.980000,0.317028,0.500000,0.364952,0.167524
0.020000,0.020000,0.980000,0.660000,0.020000,0.315450,0.500000,0.364952,0.167524
0.020000,0.020000,0.980000,0.660000,0.340000,0.315450,0.500000,0.364952,0.167524
0.020000,0.020000,0.980000,0.660000,0.660000,0.315450,0.500000,0.364952,0.167524
0.020000,0.020000,0.980000,0.660000,0.980000,0.315450,0.500000,0.364952,0.167524
0.020000,0.020000,0.980000,0.980000,0.020000,0.316876,0.500000,0.364952,0.167524
0.020000,0.020000,0.980000,0.980000,0.340000,0.316876,0.500000,0.364952,0.167524
0.020000,0.020000,0.980000,0.980000,0.660000,0.316876,0.500000,0.364952,0.167524
0.020000,0.020000,0.980000,0.980000,0.980000,0.316876,0.500000,0.364952,0.167524
0.020000,0.340000,0.020000,0.020000,0.020000,0.199602,0.494041,0.201986,0.189349
0.020000,0.340000,0.020000,0.020000,0.340000,0.199602,0.494041,0.201986,0.189349
0.020000,0.340000,0.020000,0.020000,0.660000,0.135053,0.494041,0.201986,0.189349
0.020000,0.340000,0.020000,0.020000,0.980000,0.134670,0.494041,0.201986,0.189349
0.020000,0.340000,0.020000,0.340000,0.020000,0.199602,0.494041,0.201986,0.189349
0.020000,0.340000,0.020000,0.340000,0.340000,0.199602,0.494041,0.201986,0.189349
0.020000,0.340000,0.020000,0.340000,0.660000,0.135053,0.494041,0.201986,0.189349
0.020000,0.340000,0.020000,0.340000,0.980000,0.134670,0.494041,0.201986,0.189349
0.020000,0.340000,0.020000,0.660000,0.020000,0.197500,0.494041,0.201986,0.189349
0.020000,0.340000,0.020000,0.660000,0.340000,0.197500,0.494041,0.201986,0.189349
0.020000,0.340000,0.020000,0.660000,0.660000,0.133426,0.494041,0.201986,0.189349
0.020000,0.340000,0.020000,0.660000,0.980000,0.133426,0.494041,0.201986,0.189349
0.020000,0.340000,0.020000,0.980000,0.020000,0.198946,0.494041,0.201986,0.189349
0.020000,0.340000,0.020000,0.980000,0.340000,0.198946,0.494041,0.201986,0.189349
0.020000,0.340000,0.020000,0.980000,0.660000,0.134553,0.494041,0.201986,0.189349
0.020000,0.340000,0.020000,0.980000,0.980000,0.134553,0.494041,0.201986,0.189349
0.020000,0.340000,0.340000,0.020000,0.020000,0.199644,0.498887,0.365576,0.189349
0.020000,0.340000,0.340000,0.020000,0.340000,0.317522,0.498887,0.365576,0.189349
0.020000,0.340000,0.340000,0.020000,0.660000,0.135053,0.498887,0.365576,0.189349
0.020000,0.340000,0.340000,0.020000,0.980000,0.134670,0.498887,0.365576,0.189349
0.020000,0.340000,0.340000,0.340000,0.020000,0.199644,0.498887,0.365576,0.189349
0.020000,0.340000,0.340000,0.340000,0.340000,0.318654,0.498887,0.365576,0.189349
0.020000,0.340000,0.340000,0.340000,0.660000,0.135053,0.498887,0.365576,0.189349
0.020000,0.340000,0.340000,0.340000,0.980000,0.134670,0.498887,0.365576,0.189349
0.020000,0.340000,0.340000,0.660000,0.020000,0.133426,0.498887,0.365576,0.189349
0.020000,0.340000,0.340000,0.660000,0.340000,0.133426,0.498887,0.365576,0.189349
0.020000,0.340000,0.340000,0.660000,0.660000,0.133426,0.498887,0.365576,0.189349
0.020000,0.340000,0.340000,0.660000,0.980000,0.133426,0.498887,0.365576,0.189349
0.020000,0.340000,0.340000,0.980000,0.020000,0.134553,0.498887,0.365576,0.189349
0.020000,0.340000,0.340000,0.980000,0.340000,0.134553,0.498887,0.365576,0.189349
0.020000,0.340000,0.340000,0.980000,0.660000,0.134553,0.498887,0.365576,0.189349
0.020000,0.340000,0.340000,0.980000,0.980000,0.134553,0.498887,0.365576,0.189349
0.020000,0.340000,0.660000,0.020000,0.020000,0.135053,0.498887,0.365585,0.189349
0.020000,0.340000,0.660000,0.020000,0.340000,0.135053,0.498887,0.365585,0.189349
0.020000,0.340000,0.660000,0.020000,0.660000,0.133523,0.498887,0.365585,0.189349
0.020000,0.340000,0.660000,0.020000,0.980000,0.134670,0.498887,0.365585,0.189349
0.020000,0.340000,0.660000,0.340000,0.020000,0.135053,0.498887,0.365585,0.189349
0.020000,0.340000,0.660000,0.340000,0.340000,0.135053,0.498887,0.365585,0.189349
0.020000,0.340000,0.660000,0.340000,0.660000,0.133523,0.498887,0.365585,0.189349
0.020000,0.340000,0.660000,0.340000,0.980000,0.134670,0.498887,0.365585,0.189349
0.020000,0.340000,0.660000,0.660000,0.020000,0.133426,0.498887,0.365585,0.189349
0.020000,0.340000,0.660000,0.660000,0.340000,0.133426,0.498887,0.365585,0.189349
0.020000,0.340000,0.660000,0.660000,0.660000,0.133426,0.498887,0.365585,0.189349
0.020000,0.340000,0.660000,0.660000,0.980000,0.133426,0.498887,0.365585,0.189349
0.020000,0.340000,0.660000,0.980000,0.020000,0.134553,0.498887,0.365585,0.189349
0.020000,0.340000,0.660000,0.980000,0.340000,0.134553,0.498887,0.365585,0.189349
0.020000,0.340000,0.660000,0.980000,0.660000,0.133523,0.498887,0.365585,0.189349
0.020000,0.340000,0.660000,0.980000,0.980000,0.134553,0.498887,0.365585,0.189349
0.020000,0.340000,0.980000,0.020000,0.020000,0.135053,0.498874,0.364132,0.189349
0.020000,0.340000,0.980000,0.020000,0.340000,0.135053,0.498874,0.364132,0.189349
0.020000,0.340000,0.980000,0.020000,0.660000,0.134985,0.498874,0.364132,0.189349
0.020000,0.340000,0.980000,0.020000,0.980000,0.134670,0.498874,0.364132,0.189349
0.020000,0.340000,0.980000,0.340000,0.020000,0.135053,0.498874,0.364132,0.189349
0.020000,0.340000,0.980000,0.340000,0.340000,0.135053,0.498874,0.364132,0.189349
0.020000,0.340000,0.980000,0.340000,0.660000,0.134985,0.498874,0.364132,0.189349
0.020000,0.340000,0.980000,0.340000,0.980000,0.134670,0.498874,0.364132,0.189349
0.020000,0.340000,0.980000,0.660000,0.020000,0.133426,0.498874,0.364132,0.189349
0.020000,0.340000,0.980000,0.660000,0.340000,0.133426,0.498874,0.364132,0.189349
0.020000,0.340000,0.980000,0.660000,0.660000,0.133426,0.498874,0.364132,0.189349
0.020000,0.340000,0.980000,0.660000,0.980000,0.133426,0.498874,0.364132,0.189349
0.020000,0.340000,0.980000,0.980000,0.020000,0.134553,0.498874,0.364132,0.189349
0.020000,0.340000,0.980000,0.980000,0.340000,0.134553,0.498874,0.364132,0.189349
0.020000,0.340000,0.980000,0.980000,0.660000,0.134553,0.498874,0.364132,0.189349
0.020000,0.340000,0.980000,0.980000,0.980000,0.134553,0.498874,0.364132,0.189349
0.020000,0.660000,0.020000,0.020000,0.020000,0.199602,0.402573,0.232476,0.225321
0.020000,0.660000,0.020000,0.020000,0.340000,0.199602,0.402573,0.232476,0.225321
0.020000,0.660000,0.020000,0.020000,0.660000,0.135053,0.402573,0.232476,0.225321
0.020000,0.660000,0.020000,0.020000,0.980000,0.134670,0.402573,0.232476,0.225321
0.020000,0.660000,0.020000,0.340000,0.020000,0.199602,0.402573,0.232476,0.225321
0.020000,0.660000,0.020000,0.340000,0.340000,0.199602,0.402573,0.232476,0.225321
0.020000,0.660000,0.020000,0.340000,0.660000,0.135053,0.402573,0.232476,0.225321
0.020000,0.660000,0.020000,0.340000,0.980000,0.134670,0.402573,0.232476,0.225321
0.020000,0.660000,0.020000,0.660000,0.020000,0.197500,0.402573,0.232476,0.225321
0.020000,0.660000,0.020000,0.660000,0.340000,0.197500,0.402573,0.232476,0.225321
0.020000,0.660000,0.020000,0.660000,0.660000,0.133426,0.402573,0.232476,0.225321
0.020000,0.660000,0.020000,0.660000,0.980000,0.133426,0.402573,0.232476,0.225321
0.020000,0.660000,0.020000,0.980000,0.020000,0.198946,0.402573,0.232476,0.225321
0.020000,0.660000,0.020000,0.980000,0.340000,0.198946,0.402573,0.232476,0.225321
0.020000,0.660000,0.020000,0.980000,0.660000,0.134553,0.402573,0.232476,0.225321
0.020000,0.660000,0.020000,0.980000,0.980000,0.134553,0.402573,0.232476,0.225321
0.020000,0.660000,0.340000,0.020000,0.020000,0.199644,0.400320,0.233227,0.225321
0.020000,0.660000,0.340000,0.020000,0.340000,0.317522,0.400320,0.233227,0.225321
0.020000,0.660000,0.340000,0.020000,0.660000,0.135053,0.400320,0.233227,0.225321
0.020000,0.660000,0.340000,0.020000,0.980000,0.134670,0.400320,0.233227,0.225321
0.020000,0.660000,0.340000,0.340000,0.020000,0.199644,0.400320,0.233227,0.225321
0.020000,0.660000,0.340000,0.340000,0.340000,0.318654,0.400320,0.233227,0.225321
0.020000,0.660000,0.340000,0.340000,0.660000,0.135053,0.400320,0.233227,0.225321
0.020000,0.660000,0.340000,0.340000,0.980000,0.134670,0.400320,0.233227,0.225321
0.020000,0.660000,0.340000,0.660000,0.020000,0.133426,0.400320,0.233227,0.225321
0.020000,0.660000,0.340000,0.660000,0.340000,0.133426,0.400320,0.233227,0.225321
0.020000,0.660000,0.340000,0.660000,0.660000,0.133426,0.400320,0.233227,0.225321
0.020000,0.660000,0.340000,0.660000,0.980000,0.133426,0.400320,0.233227,0.225321
0.020000,0.660000,0.340000,0.980000,0.020000,0.134553,0.400320,0.233227,0.225321
0.020000,0.660000,0.340000,0.980000,0.340000,0.134553,0.400320,0.233227,0.225321
0.020000,0.660000,0.340000,0.980000,0.660000,0.134553,0.400320,0.233227,0.225321
0.020000,0.660000,0.340000,0.980000,0.980000,0.134553,0.400320,0.233227,0.225321
0.020000,0.660000,0.660000,0.020000,0.020000,0.135053,0.400308,0.233231,0.225321
0.020000,0.660000,0.660000,0.020000,0.340000,0.135053,0.400308,0.233231,0.225321
0.020000,0.660000,0.660000,0.020000,0.660000,0.133523,0.400308,0.233231,0.225321
0.020000,0.660000,0.660000,0.020000,0.980000,0.134670,0.400308,0.233231,0.225321
0.020000,0.660000,0.660000,0.340000,0.020000,0.135053,0.400308,0.233231,0.225321
0.020000,0.660000,0.660000,0.340000,0.340000,0.135053,0.400308,0.233231,0.225321
0.020000,0.660000,0.660000,0.340000,0.660000,0.133523,0.400308,0.233231,0.225321
0.020000,0.660000,0.660000,0.340000,0.980000,0.134670,0.400308,0.233231,0.225321
0.020000,0.660000,0.660000,0.660000,0.020000,0.133426,0.400308,0.233231,0.225321
0.020000,0.660000,0.660000,0.660000,0.340000,0.133426,0.400308,0.233231,0.225321
0.020000,0.660000,0.660000,0.660000,0.660000,0.133426,0.400308,0.233231,0.225321
0.020000,0.660000,0.660000,0.660000,0.980000,0.133426,0.400308,0.233231,0.225321
0.020000,0.660000,0.660000,0.980000,0.020000,0.134553,0.400308,0.233231,0.225321
0.020000,0.660000,0.660000,0.980000,0.340000,0.134553,0.400308,0.233231,0.225321
0.020000,0.660000,0.660000,0.980000,0.660000,0.133523,0.400308,0.233231,0.225321
0.020000,0.660000,0.660000,0.980000,0.980000,0.134553,0.400308,0.233231,0.225321
0.020000,0.660000,0.980000,0.020000,0.020000,0.135053,0.402477,0.232508,0.225321
0.020000,0.660000,0.980000,0.020000,0.340000,0.135053,0.402477,0.232508,0.225321
0.020000,0.660000,0.980000,0.020000,0.660000,0.134985,0.402477,0.232508,0.225321
0.020000,0.660000,0.980000,0.020000,0.980000,0.134670,0.402477,0.232508,0.225321
0.020000,0.660000,0.980000,0.340000,0.020000,0.135053,0.402477,0.232508,0.225321
0.020000,0.660000,0.980000,0.340000,0.340000,0.135053,0.402477,0.232508,0.225321
0.020000,0.660000,0.980000,0.340000,0.660000,0.134985,0.402477,0.232508,0.225321
0.020000,0.660000,0.980000,0.340000,0.980000,0.134670,0.402477,0.232508,0.225321
0.020000,0.660000,0.980000,0.660000,0.020000,0.133426,0.402477,0.232508,0.225321
0.020000,0.660000,0.980000,0.660000,0.340000,0.133426,0.402477,0.232508,0.225321
0.020000,0.660000,0.980000,0.660000,0.660000,0.133426,0.402477,0.232508,0.225321
0.020000,0.660000,0.980000,0.660000,0.980000,0.133426,0.402477,0.232508,0.225321
0.020000,0.660000,0.980000,0.980000,0.020000,0.134553,0.402477,0.232508,0.225321
0.020000,0.660000,0.980000,0.980000,0.340000,0.134553,0.402477,0.232508,0.225321
0.020000,0.660000,0.980000,0.980000,0.660000,0.134553,0.402477,0.232508,0.225321
0.020000,0.660000,0.980000,0.980000,0.980000,0.134553,0.402477,0.232508,0.225321
0.020000,0.980000,0.020000,0.020000,0.020000,0.199595,0.402573,0.232476,0.225316
0.020000,0.980000,0.020000,0.020000,0.340000,0.199595,0.402573,0.232476,0.225316
0.020000,0.980000,0.020000,0.020000,0.660000,0.135048,0.402573,0.232476,0.225316
0.020000,0.980000,0.020000,0.020000,0.980000,0.134670,0.402573,0.232476,0.225316
0.020000,0.980000,0.020000,0.340000,0.020000,0.199595,0.402573,0.232476,0.225316
0.020000,0.980000,0.020000,0.340000,0.340000,0.199595,0.402573,0.232476,0.225316
0.020000,0.980000,0.020000,0.340000,0.660000,0.135048,0.402573,0.232476,0.225316
0.020000,0.980000,0.020000,0.340000,0.980000,0.134670,0.402573,0.232476,0.225316
0.020000,0.980000,0.020000,0.660000,0.020000,0.197500,0.402573,0.232476,0.225316
0.020000,0.980000,0.020000,0.660000,0.340000,0.197500,0.402573,0.232476,0.225316
0.020000,0.980000,0.020000,0.660000,0.660000,0.133426,0.402573,0.232476,0.225316
0.020000,0.980000,0.020000,0.660000,0.980000,0.133426,0.402573,0.232476,0.225316
0.020000,0.980000,0.020000,0.980000,0.020000,0.198946,0.402573,0.232476,0.225316
0.020000,0.980000,0.020000,0.980000,0.340000,0.198946,0.402573,0.232476,0.225316
0.020000,0.980000,0.020000,0.980000,0.660000,0.134553,0.402573,0.232476,0.225316
0.020000,0.980000,0.020000,0.980000,0.980000,0.134553,0.402573,0.232476,0.225316
0.020000,0.980000,0.340000,0.020000,0.020000,0.199637,0.402571,0.232476,0.225316
0.020000,0.980000,0.340000,0.020000,0.340000,0.317515,0.402571,0.232476,0.225316
0.020000,0.980000,0.340000,0.020000,0.660000,0.135048,0.402571,0.232476,0.225316
0.020000,0.980000,0.340000,0.020000,0.980000,0.134670,0.402571,0.232476,0.225316
0.020000,0.980000,0.340000,0.340000,0.020000,0.199637,0.402571,0.232476,0.225316
0.020000,0.980000,0.340000,0.340000,0.340000,0.318647,0.402571,0.232476,0.225316
0.020000,0.980000,0.340000,0.340000,0.660000,0.135048,0.402571,0.232476,0.225316
0.020000,0.980000,0.340000,0.340000,0.980000,0.134670,0.402571,0.232476,0.225316
0.020000,0.980000,0.340000,0.660000,0.020000,0.133426,0.402571,0.232476,0.225316
0.020000,0.980000,0.340000,0.660000,0.340000,0.133426,0.402571,0.232476,0.225316
0.020000,0.980000,0.340000,0.660000,0.660000,0.133426,0.402571,0.232476,0.225316
0.020000,0.980000,0.340000,0.660000,0.980000,0.133426,0.402571,0.232476,0.225316
0.020000,0.980000,0.340000,0.980000,0.020000,0.134553,0.402571,0.232476,0.225316
0.020000,0.980000,0.340000,0.980000,0.340000,0.134553,0.402571,0.232476,0.225316
0.020000,0.980000,0.340000,0.980000,0.660000,0.134553,0.402571,0.232476,0.225316
0.020000,0.980000,0.340000,0.980000,0.980000,0.134553,0.402571,0.232476,0.225316
0.020000,0.980000,0.660000,0.020000,0.020000,0.135048,0.402571,0.232476,0.225316
0.020000,0.980000,0.660000,0.020000,0.340000,0.135048,0.402571,0.232476,0.225316
0.020000,0.980000,0.660000,0.020000,0.660000,0.133523,0.402571,0.232476,0.225316
0.020000,0.980000,0.660000,0.020000,0.980000,0.134670,0.402571,0.232476,0.225316
0.020000,0.980000,0.660000,0.340000,0.020000,0.135048,0.402571,0.232476,0.225316
0.020000,0.980000,0.660000,0.340000,0.340000,0.135048,0.402571,0.232476,0.225316
0.020000,0.980000,0.660000,0.340000,0.660000,0.133523,0.402571,0.232476,0.225316
0.020000,0.980000,0.660000,0.340000,0.980000,0.134670,0.402571,0.232476,0.225316
0.020000,0.980000,0.660000,0.660000,0.020000,0.133426,0.402571,0.232476,0.225316
0.020000,0.980000,0.660000,0.660000,0.340000,0.133426,0.402571,0.232476,0.225316
0.020000,0.980000,0.660000,0.660000,0.660000,0.133426,0.402571,0.232476,0.225316
0.020000,0.980000,0.660000,0.660000,0.980000,0.133426,0.402571,0.232476,0.225316
0.020000,0.980000,0.660000,0.980000,0.020000,0.134553,0.402571,0.232476,0.225316
0.020000,0.980000,0.660000,0.980000,0.340000,0.134553,0.402571,0.232476,0.225316
0.020000,0.980000,0.660000,0.980000,0.660000,0.133523,0.402571,0.232476,0.225316
0.020000,0.980000,0.660000,0.980000,0.980000,0.134553,0.402571,0.232476,0.225316
0.020000,0.980000,0.980000,0.020000,0.020000,0.135048,0.402571,0.232476,0.225316
0.020000,0.980000,0.980000,0.020000,0.340000,0.135048,0.402571,0.232476,0.225316
0.020000,0.980000,0.980000,0.020000,0.660000,0.134985,0.402571,0.232476,0.225316
0.020000,0.980000,0.980000,0.020000,0.980000,0.134670,0.402571,0.232476,0.225316
0.020000,0.980000,0.980000,0.340000,0.020000,0.135048,0.402571,0.232476,0.225316
0.020000,0.980000,0.980000,0.340000,0.340000,0.135048,0.402571,0.232476,0.225316
0.020000,0.980000,0.980000,0.340000,0.660000,0.134985,0.402571,0.232476,0.225316
0.020000,0.980000,0.980000,0.340000,0.980000,0.134670,0.402571,0.232476,0.225316
0.020000,0.980000,0.980000,0.660000,0.020000,0.133426,0.402571,0.232476,0.225316
0.020000,0.980000,0.980000,0.660000,0.340000,0.133426,0.402571,0.232476,0.225316
0.020000,0.980000,0.980000,0.660000,0.660000,0.133426,0.402571,0.232476,0.225316
0.020000,0.980000,0.980000,0.660000,0.980000,0.133426,0.402571,0.232476,0.225316
0.020000,0.980000,0.980000,0.980000,0.020000,0.134553,0.402571,0.232476,0.225316
0.020000,0.980000,0.980000,0.980000,0.340000,0.134553,0.402571,0.232476,0.225316
0.020000,0.980000,0.980000,0.980000,0.660000,0.134553,0.402571,0.232476,0.225316
0.020000,0.980000,0.980000,0.980000,0.980000,0.134553,0.402571,0.232476,0.225316
0.340000,0.020000,0.020000,0.020000,0.020000,0.317535,0.500000,0.364951,0.167524
0.340000,0.020000,0.020000,0.020000,0.340000,0.500000,0.500000,0.364951,0.167524
0.340000,0.020000,0.020000,0.020000,0.660000,0.500000,0.500000,0.364951,0.167524
0.340000,0.020000,0.020000,0.020000,0.980000,0.317028,0.500000,0.364951,0.167524
0.340000,0.020000,0.020000,0.340000,0.020000,0.317535,0.500000,0.364951,0.167524
0.340000,0.020000,0.020000,0.340000,0.340000,0.500000,0.500000,0.364951,0.167524
0.340000,0.020000,0.020000,0.340000,0.660000,0.500000,0.500000,0.364951,0.167524
0.340000,0.020000,0.020000,0.340000,0.980000,0.317028,0.500000,0.364951,0.167524
0.340000,0.020000,0.020000,0.660000,0.020000,0.315450,0.500000,0.364951,0.167524
0.340000,0.020000,0.020000,0.660000,0.340000,0.315450,0.500000,0.364951,0.167524
0.340000,0.020000,0.020000,0.660000,0.660000,0.315450,0.500000,0.364951,0.167524
0.340000,0.020000,0.020000,0.660000,0.980000,0.315450,0.500000,0.364951,0.167524
0.340000,0.020000,0.020000,0.980000,0.020000,0.316876,0.500000,0.364951,0.167524
0.340000,0.020000,0.020000,0.980000,0.340000,0.316876,0.500000,0.364951,0.167524
0.340000,0.020000,0.020000,0.980000,0.660000,0.316876,0.500000,0.364951,0.167524
0.340000,0.020000,0.020000,0.980000,0.980000,0.316876,0.500000,0.364951,0.167524
0.340000,0.020000,0.340000,0.020000,0.020000,0.317535,0.500000,0.364952,0.167524
0.340000,0.020000,0.340000,0.020000,0.340000,0.500000,0.500000,0.364952,0.167524
0.340000,0.020000,0.340000,0.020000,0.660000,0.478303,0.500000,0.364952,0.167524
0.340000,0.020000,0.340000,0.020000,0.980000,0.317028,0.500000,0.364952,0.167524
0.340000,0.020000,0.340000,0.340000,0.020000,0.317535,0.500000,0.364952,0.167524
0.340000,0.020000,0.340000,0.340000,0.340000,0.500000,0.500000,0.364952,0.167524
0.340000,0.020000,0.340000,0.340000,0.660000,0.478303,0.500000,0.364952,0.167524
0.340000,0.020000,0.340000,0.340000,0.980000,0.317028,0.500000,0.364952,0.167524
0.340000,0.020000,0.340000,0.660000,0.020000,0.315450,0.500000,0.364952,0.167524
0.340000,0.020000,0.340000,0.660000,0.340000,0.315450,0.500000,0.364952,0.167524
0.340000,0.020000,0.340000,0.660000,0.660000,0.315450,0.500000,0.364952,0.167524
0.340000,0.020000,0.340000,0.660000,0.980000,0.315450,0.500000,0.364952,0.167524
0.340000,0.020000,0.340000,0.980000,0.020000,0.316876,0.500000,0.364952,0.167524
0.340000,0.020000,0.340000,0.980000,0.340000,0.316876,0.500000,0.364952,0.167524
0.340000,0.020000,0.340000,0.980000,0.660000,0.316876,0.500000,0.364952,0.167524
0.340000,0.020000,0.340000,0.980000,0.980000,0.316876,0.500000,0.364952,0.167524
0.340000,0.020000,0.660000,0.020000,0.020000,0.317535,0.500000,0.364952,0.167524
0.340000,0.020000,0.660000,0.020000,0.340000,0.500000,0.500000,0.364952,0.167524
0.340000,0.020000,0.660000,0.020000,0.660000,0.315568,0.500000,0.364952,0.167524
0.340000,0.020000,0.660000,0.020000,0.980000,0.317028,0.500000,0.364952,0.167524
0.340000,0.020000,0.660000,0.340000,0.020000,0.317535,0.500000,0.364952,0.167524
0.340000,0.020000,0.660000,0.340000,0.340000,0.500000,0.500000,0.364952,0.167524
0.340000,0.020000,0.660000,0.340000,0.660000,0.315568,0.500000,0.364952,0.167524
0.340000,0.020000,0.660000,0.340000,0.980000,0.317028,0.500000,0.364952,0.167524
0.340000,0.020000,0.660000,0.660000,0.020000,0.315450,0.500000,0.364952,0.167524
0.340000,0.020000,0.660000,0.660000,0.340000,0.315450,0.500000,0.364952,0.167524
0.340000,0.020000,0.660000,0.660000,0.660000,0.315450,0.500000,0.364952,0.167524
0.340000,0.020000,0.660000,0.660000,0.980000,0.315450,0.500000,0.364952,0.167524
0.340000,0.020000,0.660000,0.980000,0.020000,0.316876,0.500000,0.364952,0.167524
0.340000,0.020000,0.660000,0.980000,0.340000,0.316876,0.500000,0.364952,0.167524
0.340000,0.020000,0.660000,0.980000,0.660000,0.315568,0.500000,0.364952,0.167524
0.340000,0.020000,0.660000,0.980000,0.980000,0.316876,0.500000,0.364952,0.167524
0.340000,0.020000,0.980000,0.020000,0.020000,0.317535,0.500000,0.364952,0.167524
0.340000,0.020000,0.980000,0.020000,0.340000,0.500000,0.500000,0.364952,0.167524
0.340000,0.020000,0.980000,0.020000,0.660000,0.317441,0.500000,0.364952,0.167524
0.340000,0.020000,0.980000,0.020000,0.980000,0.317028,0.500000,0.364952,0.167524
0.340000,0.020000,0.980000,0.340000,0.020000,0.317535,0.500000,0.364952,0.167524
0.340000,0.020000,0.980000,0.340000,0.340000,0.500000,0.500000,0.364952,0.167524
0.340000,0.020000,0.980000,0.340000,0.660000,0.317441,0.500000,0.364952,0.167524
0.340000,0.020000,0.980000,0.340000,0.980000,0.317028,0.500000,0.364952,0.167524
0.340000,0.020000,0.980000,0.660000,0.020000,0.315450,0.500000,0.364952,0.167524
0.340000,0.020000,0.980000,0.660000,0.340000,0.315450,0.500000,0.364952,0.167524
0.340000,0.020000,0.980000,0.660000,0.660000,0.315450,0.500000,0.364952,0.167524
0.340000,0.020000,0.980000,0.660000,0.980000,0.315450,0.500000,0.364952,0.167524
0.340000,0.020000,0.980000,0.980000,0.020000,0.316876,0.500000,0.364952,0.167524
0.340000,0.020000,0.980000,0.980000,0.340000,0.316876,0.500000,0.364952,0.167524
0.340000,0.020000,0.980000,0.980000,0.660000,0.316876,0.500000,0.364952,0.167524
0.340000,0.020000,0.980000,0.980000,0.980000,0.316876,0.500000,0.364952,0.167524
0.340000,0.340000,0.020000,0.020000,0.020000,0.184348,0.496972,0.309723,0.423183
0.340000,0.340000,0.020000,0.020000,0.340000,0.500000,0.496972,0.309723,0.423183
0.340000,0.340000,0.020000,0.020000,0.660000,0.500000,0.496972,0.309723,0.423183
0.340000,0.340000,0.020000,0.020000,0.980000,0.134670,0.496972,0.309723,0.423183
0.340000,0.340000,0.020000,0.340000,0.020000,0.197805,0.496972,0.309723,0.423183
0.340000,0.340000,0.020000,0.340000,0.340000,0.500000,0.496972,0.309723,0.423183
0.340000,0.340000,0.020000,0.340000,0.660000,0.500000,0.496972,0.309723,0.423183
0.340000,0.340000,0.020000,0.340000,0.980000,0.159855,0.496972,0.309723,0.423183
0.340000,0.340000,0.020000,0.660000,0.020000,0.191323,0.496972,0.309723,0.423183
0.340000,0.340000,0.020000,0.660000,0.340000,0.197437,0.496972,0.309723,0.423183
0.340000,0.340000,0.020000,0.660000,0.660000,0.152646,0.496972,0.309723,0.423183
0.340000,0.340000,0.020000,0.660000,0.980000,0.150649,0.496972,0.309723,0.423183
0.340000,0.340000,0.020000,0.980000,0.020000,0.183679,0.496972,0.309723,0.423183
0.340000,0.340000,0.020000,0.980000,0.340000,0.198883,0.496972,0.309723,0.423183
0.340000,0.340000,0.020000,0.980000,0.660000,0.153889,0.496972,0.309723,0.423183
0.340000,0.340000,0.020000,0.980000,0.980000,0.134553,0.496972,0.309723,0.423183
0.340000,0.340000,0.340000,0.020000,0.020000,0.199647,0.498887,0.365576,0.414668
0.340000,0.340000,0.340000,0.020000,0.340000,0.500000,0.498887,0.365576,0.414668
0.340000,0.340000,0.340000,0.020000,0.660000,0.195947,0.498887,0.365576,0.414668
0.340000,0.340000,0.340000,0.020000,0.980000,0.134670,0.498887,0.365576,0.414668
0.340000,0.340000,0.340000,0.340000,0.020000,0.199647,0.498887,0.365576,0.414668
0.340000,0.340000,0.340000,0.340000,0.340000,0.521051,0.498887,0.365576,0.414668
0.340000,0.340000,0.340000,0.340000,0.660000,0.195947,0.498887,0.365576,0.414668
0.340000,0.340000,0.340000,0.340000,0.980000,0.134670,0.498887,0.365576,0.414668
0.340000,0.340000,0.340000,0.660000,0.020000,0.133426,0.498887,0.365576,0.414668
0.340000,0.340000,0.340000,0.660000,0.340000,0.133426,0.498887,0.365576,0.414668
0.340000,0.340000,0.340000,0.660000,0.660000,0.133426,0.498887,0.365576,0.414668
0.340000,0.340000,0.340000,0.660000,0.980000,0.133426,0.498887,0.365576,0.414668
0.340000,0.340000,0.340000,0.980000,0.020000,0.134553,0.498887,0.365576,0.414668
0.340000,0.340000,0.340000,0.980000,0.340000,0.134553,0.498887,0.365576,0.414668
0.340000,0.340000,0.340000,0.980000,0.660000,0.134553,0.498887,0.365576,0.414668
0.340000,0.340000,0.340000,0.980000,0.980000,0.134553,0.498887,0.365576,0.414668
0.340000,0.340000,0.660000,0.020000,0.020000,0.135056,0.498887,0.365585,0.414668
0.340000,0.340000,0.660000,0.020000,0.660000,0.133523,0.498887,0.365585,0.414668
0.340000,0.340000,0.660000,0.020000,0.980000,0.134670,0.498887,0.365585,0.414668
0.340000,0.340000,0.660000,0.340000,0.020000,0.135056,0.498887,0.365585,0.414668
0.340000,0.340000,0.660000,0.340000,0.340000,0.803816,0.498887,0.365585,0.414668
0.340000,0.340000,0.660000,0.340000,0.660000,0.133523,0.498887,0.365585,0.414668
0.340000,0.340000,0.660000,0.340000,0.980000,0.134670,0.498887,0.365585,0.414668
0.340000,0.340000,0.660000,0.660000,0.020000,0.133426,0.498887,0.365585,0.414668
0.340000,0.340000,0.660000,0.660000,0.340000,0.133426,0.498887,0.365585,0.414668
0.340000,0.340000,0.660000,0.660000,0.660000,0.133426,0.498887,0.365585,0.414668
0.340000,0.340000,0.660000,0.660000,0.980000,0.133426,0.498887,0.365585,0.414668
0.340000,0.340000,0.660000,0.980000,0.020000,0.134553,0.498887,0.365585,0.414668
0.340000,0.340000,0.660000,0.980000,0.340000,0.134553,0.498887,0.365585,0.414668
0.340000,0.340000,0.660000,0.980000,0.660000,0.133523,0.498887,0.365585,0.414668
0.340000,0.340000,0.660000,0.980000,0.980000,0.134553,0.498887,0.365585,0.414668
0.340000,0.340000,0.980000,0.020000,0.020000,0.135056,0.498874,0.364132,0.413820
0.340000,0.340000,0.980000,0.020000,0.660000,0.134985,0.498874,0.364132,0.413820
0.340000,0.340000,0.980000,0.020000,0.980000,0.134670,0.498874,0.364132,0.413820
0.340000,0.340000,0.980000,0.340000,0.020000,0.135056,0.498874,0.364132,0.413820
0.340000,0.340000,0.980000,0.340000,0.660000,0.134985,0.498874,0.364132,0.413820
0.340000,0.340000,0.980000,0.340000,0.980000,0.134670,0.498874,0.364132,0.413820
0.340000,0.340000,0.980000,0.660000,0.020000,0.133426,0.498874,0.364132,0.413820
0.340000,0.340000,0.980000,0.660000,0.340000,0.133426,0.498874,0.364132,0.413820
0.340000,0.340000,0.980000,0.660000,0.660000,0.133426,0.498874,0.364132,0.413820
0.340000,0.340000,0.980000,0.660000,0.980000,0.133426,0.498874,0.364132,0.413820
0.340000,0.340000,0.980000,0.980000,0.020000,0.134553,0.498874,0.364132,0.413820
0.340000,0.340000,0.980000,0.980000,0.340000,0.134553,0.498874,0.364132,0.413820
0.340000,0.340000,0.980000,0.980000,0.660000,0.134553,0.498874,0.364132,0.413820
0.340000,0.340000,0.980000,0.980000,0.980000,0.134553,0.498874,0.364132,0.413820
0.340000,0.660000,0.020000,0.020000,0.020000,0.184348,0.403420,0.243859,0.502986
0.340000,0.660000,0.020000,0.020000,0.340000,0.500000,0.403420,0.243859,0.502986
0.340000,0.660000,0.020000,0.020000,0.660000,0.500000,0.403420,0.243859,0.502986
0.340000,0.660000,0.020000,0.020000,0.980000,0.134670,0.403420,0.243859,0.502986
0.340000,0.660000,0.020000,0.340000,0.020000,0.197805,0.403420,0.243859,0.502986
0.340000,0.660000,0.020000,0.340000,0.340000,0.500000,0.403420,0.243859,0.502986
0.340000,0.660000,0.020000,0.340000,0.660000,0.500000,0.403420,0.243859,0.502986
0.340000,0.660000,0.020000,0.340000,0.980000,0.159855,0.403420,0.243859,0.502986
0.340000,0.660000,0.020000,0.660000,0.020000,0.191323,0.403420,0.243859,0.502986
0.340000,0.660000,0.020000,0.660000,0.340000,0.197437,0.403420,0.243859,0.502986
0.340000,0.660000,0.020000,0.660000,0.660000,0.152646,0.403420,0.243859,0.502986
0.340000,0.660000,0.020000,0.660000,0.980000,0.150649,0.403420,0.243859,0.502986
0.340000,0.660000,0.020000,0.980000,0.020000,0.183679,0.403420,0.243859,0.502986
0.340000,0.660000,0.020000,0.980000,0.340000,0.198883,0.403420,0.243859,0.502986
0.340000,0.660000,0.020000,0.980000,0.660000,0.153889,0.403420,0.243859,0.502986
0.340000,0.660000,0.020000,0.980000,0.980000,0.134553,0.403420,0.243859,0.502986
0.340000,0.660000,0.340000,0.020000,0.020000,0.199647,0.401160,0.244508,0.728432
0.340000,0.660000,0.340000,0.020000,0.340000,0.500000,0.401160,0.244508,0.728432
0.340000,0.660000,0.340000,0.020000,0.660000,0.195947,0.401160,0.244508,0.728432
0.340000,0.660000,0.340000,0.020000,0.980000,0.134670,0.401160,0.244508,0.728432
0.340000,0.660000,0.340000,0.340000,0.020000,0.199647,0.401160,0.244508,0.728432
0.340000,0.660000,0.340000,0.340000,0.340000,0.521051,0.401160,0.244508,0.728432
0.340000,0.660000,0.340000,0.340000,0.660000,0.195947,0.401160,0.244508,0.728432
0.340000,0.660000,0.340000,0.340000,0.980000,0.134670,0.401160,0.244508,0.728432
0.340000,0.660000,0.340000,0.660000,0.020000,0.133426,0.401160,0.244508,0.728432
0.340000,0.660000,0.340000,0.660000,0.340000,0.133426,0.401160,0.244508,0.728432
0.340000,0.660000,0.340000,0.660000,0.660000,0.133426,0.401160,0.244508,0.728432
0.340000,0.660000,0.340000,0.660000,0.980000,0.133426,0.401160,0.244508,0.728432
0.340000,0.660000,0.340000,0.980000,0.020000,0.134553,0.401160,0.244508,0.728432
0.340000,0.660000,0.340000,0.980000,0.340000,0.134553,0.401160,0.244508,0.728432
0.340000,0.660000,0.340000,0.980000,0.660000,0.134553,0.401160,0.244508,0.728432
0.340000,0.660000,0.340000,0.980000,0.980000,0.134553,0.401160,0.244508,0.728432
0.340000,0.660000,0.660000,0.020000,0.020000,0.135056,0.400308,0.233231,0.414668
0.340000,0.660000,0.660000,0.020000,0.660000,0.133523,0.400308,0.233231,0.414668
0.340000,0.660000,0.660000,0.020000,0.980000,0.134670,0.400308,0.233231,0.414668
0.340000,0.660000,0.660000,0.340000,0.020000,0.135056,0.400308,0.233231,0.414668
0.340000,0.660000,0.660000,0.340000,0.340000,0.803816,0.400308,0.233231,0.414668
0.340000,0.660000,0.660000,0.340000,0.660000,0.133523,0.400308,0.233231,0.414668
0.340000,0.660000,0.660000,0.340000,0.980000,0.134670,0.400308,0.233231,0.414668
0.340000,0.660000,0.660000,0.660000,0.020000,0.133426,0.400308,0.233231,0.414668
0.340000,0.660000,0.660000,0.660000,0.340000,0.133426,0.400308,0.233231,0.414668
0.340000,0.660000,0.660000,0.660000,0.660000,0.133426,0.400308,0.233231,0.414668
0.340000,0.660000,0.660000,0.660000,0.980000,0.133426,0.400308,0.233231,0.414668
0.340000,0.660000,0.660000,0.980000,0.020000,0.134553,0.400308,0.233231,0.414668
0.340000,0.660000,0.660000,0.980000,0.340000,0.134553,0.400308,0.233231,0.414668
0.340000,0.660000,0.660000,0.980000,0.660000,0.133523,0.400308,0.233231,0.414668
0.340000,0.660000,0.660000,0.980000,0.980000,0.134553,0.400308,0.233231,0.414668
0.340000,0.660000,0.980000,0.020000,0.020000,0.135056,0.402477,0.232508,0.750993
0.340000,0.660000,0.980000,0.020000,0.660000,0.134985,0.402477,0.232508,0.750993
0.340000,0.660000,0.980000,0.020000,0.980000,0.134670,0.402477,0.232508,0.750993
0.340000,0.660000,0.980000,0.340000,0.020000,0.135056,0.402477,0.232508,0.750993
0.340000,0.660000,0.980000,0.340000,0.660000,0.134985,0.402477,0.232508,0.750993
0.340000,0.660000,0.980000,0.340000,0.980000,0.134670,0.402477,0.232508,0.750993
0.340000,0.660000,0.980000,0.660000,0.020000,0.133426,0.402477,0.232508,0.750993
0.340000,0.660000,0.980000,0.660000,0.340000,0.133426,0.402477,0.232508,0.750993
0.340000,0.660000,0.980000,0.660000,0.660000,0.133426,0.402477,0.232508,0.750993
0.340000,0.660000,0.980000,0.660000,0.980000,0.133426,0.402477,0.232508,0.750993
0.340000,0.660000,0.980000,0.980000,0.020000,0.134553,0.402477,0.232508,0.750993
0.340000,0.660000,0.980000,0.980000,0.340000,0.134553,0.402477,0.232508,0.750993
0.340000,0.660000,0.980000,0.980000,0.660000,0.134553,0.402477,0.232508,0.750993
0.340000,0.660000,0.980000,0.980000,0.980000,0.134553,0.402477,0.232508,0.750993
0.340000,0.980000,0.020000,0.020000,0.020000,0.135048,0.402573,0.232476,0.167524
0.340000,0.980000,0.020000,0.020000,0.340000,0.135048,0.402573,0.232476,0.167524
0.340000,0.980000,0.020000,0.020000,0.660000,0.135048,0.402573,0.232476,0.167524
0.340000,0.980000,0.020000,0.020000,0.980000,0.134670,0.402573,0.232476,0.167524
0.340000,0.980000,0.020000,0.340000,0.020000,0.135048,0.402573,0.232476,0.167524
0.340000,0.980000,0.020000,0.340000,0.340000,0.135048,0.402573,0.232476,0.167524
0.340000,0.980000,0.020000,0.340000,0.660000,0.135048,0.402573,0.232476,0.167524
0.340000,0.980000,0.020000,0.340000,0.980000,0.134670,0.402573,0.232476,0.167524
0.340000,0.980000,0.020000,0.660000,0.020000,0.133426,0.402573,0.232476,0.167524
0.340000,0.980000,0.020000,0.660000,0.340000,0.133426,0.402573,0.232476,0.167524
0.340000,0.980000,0.020000,0.660000,0.660000,0.133426,0.402573,0.232476,0.167524
0.340000,0.980000,0.020000,0.660000,0.980000,0.133426,0.402573,0.232476,0.167524
0.340000,0.980000,0.020000,0.980000,0.020000,0.134553,0.402573,0.232476,0.167524
0.340000,0.980000,0.020000,0.980000,0.340000,0.134553,0.402573,0.232476,0.167524
0.340000,0.980000,0.020000,0.980000,0.660000,0.134553,0.402573,0.232476,0.167524
0.340000,0.980000,0.020000,0.980000,0.980000,0.134553,0.402573,0.232476,0.167524
0.340000,0.980000,0.340000,0.020000,0.020000,0.199637,0.402571,0.232476,0.189763
0.340000,0.980000,0.340000,0.020000,0.340000,0.317515,0.402571,0.232476,0.189763
0.340000,0.980000,0.340000,0.020000,0.660000,0.135048,0.402571,0.232476,0.189763
0.340000,0.980000,0.340000,0.020000,0.980000,0.134670,0.402571,0.232476,0.189763
0.340000,0.980000,0.340000,0.340000,0.020000,0.199637,0.402571,0.232476,0.189763
0.340000,0.980000,0.340000,0.340000,0.340000,0.318647,0.402571,0.232476,0.189763
0.340000,0.980000,0.340000,0.340000,0.660000,0.135048,0.402571,0.232476,0.189763
0.340000,0.980000,0.340000,0.340000,0.980000,0.134670,0.402571,0.232476,0.189763
0.340000,0.980000,0.340000,0.660000,0.020000,0.133426,0.402571,0.232476,0.189763
0.340000,0.980000,0.340000,0.660000,0.340000,0.133426,0.402571,0.232476,0.189763
0.340000,0.980000,0.340000,0.660000,0.660000,0.133426,0.402571,0.232476,0.189763
0.340000,0.980000,0.340000,0.660000,0.980000,0.133426,0.402571,0.232476,0.189763
0.340000,0.980000,0.340000,0.980000,0.020000,0.134553,0.402571,0.232476,0.189763
0.340000,0.980000,0.340000,0.980000,0.340000,0.134553,0.402571,0.232476,0.189763
0.340000,0.980000,0.340000,0.980000,0.660000,0.134553,0.402571,0.232476,0.189763
0.340000,0.980000,0.340000,0.980000,0.980000,0.134553,0.402571,0.232476,0.189763
0.340000,0.980000,0.660000,0.020000,0.020000,0.135048,0.402571,0.232476,0.225237
0.340000,0.980000,0.660000,0.020000,0.340000,0.135048,0.402571,0.232476,0.225237
0.340000,0.980000,0.660000,0.020000,0.660000,0.133523,0.402571,0.232476,0.225237
0.340000,0.980000,0.660000,0.020000,0.980000,0.134670,0.402571,0.232476,0.225237
0.340000,0.980000,0.660000,0.340000,0.020000,0.135048,0.402571,0.232476,0.225237
0.340000,0.980000,0.660000,0.340000,0.340000,0.135048,0.402571,0.232476,0.225237
0.340000,0.980000,0.660000,0.340000,0.660000,0.133523,0.402571,0.232476,0.225237
0.340000,0.980000,0.660000,0.340000,0.980000,0.134670,0.402571,0.232476,0.225237
0.340000,0.980000,0.660000,0.660000,0.020000,0.133426,0.402571,0.232476,0.225237
0.340000,0.980000,0.660000,0.660000,0.340000,0.133426,0.402571,0.232476,0.225237
0.340000,0.980000,0.660000,0.660000,0.660000,0.133426,0.402571,0.232476,0.225237
0.340000,0.980000,0.660000,0.660000,0.980000,0.133426,0.402571,0.232476,0.225237
0.340000,0.980000,0.660000,0.980000,0.020000,0.134553,0.402571,0.232476,0.225237
0.340000,0.980000,0.660000,0.980000,0.340000,0.134553,0.402571,0.232476,0.225237
0.340000,0.980000,0.660000,0.980000,0.660000,0.133523,0.402571,0.232476,0.225237
0.340000,0.980000,0.660000,0.980000,0.980000,0.134553,0.402571,0.232476,0.225237
0.340000,0.980000,0.980000,0.020000,0.020000,0.135048,0.402571,0.232476,0.167524
0.340000,0.980000,0.980000,0.020000,0.340000,0.135048,0.402571,0.232476,0.167524
0.340000,0.980000,0.980000,0.020000,0.660000,0.134985,0.402571,0.232476,0.167524
0.340000,0.980000,0.980000,0.020000,0.980000,0.134670,0.402571,0.232476,0.167524
0.340000,0.980000,0.980000,0.340000,0.020000,0.135048,0.402571,0.232476,0.167524
0.340000,0.980000,0.980000,0.340000,0.340000,0.135048,0.402571,0.232476,0.167524
0.340000,0.980000,0.980000,0.340000,0.660000,0.134985,0.402571,0.232476,0.167524
0.340000,0.980000,0.980000,0.340000,0.980000,0.134670,0.402571,0.232476,0.167524
0.340000,0.980000,0.980000,0.660000,0.020000,0.133426,0.402571,0.232476,0.167524
0.340000,0.980000,0.980000,0.660000,0.340000,0.133426,0.402571,0.232476,0.167524
0.340000,0.980000,0.980000,0.660000,0.660000,0.133426,0.402571,0.232476,0.167524
0.340000,0.980000,0.980000,0.660000,0.980000,0.133426,0.402571,0.232476,0.167524
0.340000,0.980000,0.980000,0.980000,0.020000,0.134553,0.402571,0.232476,0.167524
0.340000,0.980000,0.980000,0.980000,0.340000,0.134553,0.402571,0.232476,0.167524
0.340000,0.980000,0.980000,0.980000,0.660000,0.134553,0.402571,0.232476,0.167524
0.340000,0.980000,0.980000,0.980000,0.980000,0.134553,0.402571,0.232476,0.167524
0.660000,0.020000,0.020000,0.020000,0.020000,0.317535,0.732984,0.763280,0.167524
0.660000,0.020000,0.020000,0.020000,0.340000,0.500000,0.732984,0.763280,0.167524
0.660000,0.020000,0.020000,0.020000,0.660000,0.500000,0.732984,0.763280,0.167524
0.660000,0.020000,0.020000,0.020000,0.980000,0.317028,0.732984,0.763280,0.167524
0.660000,0.020000,0.020000,0.340000,0.020000,0.317535,0.732984,0.763280,0.167524
0.660000,0.020000,0.020000,0.340000,0.340000,0.500000,0.732984,0.763280,0.167524
0.660000,0.020000,0.020000,0.340000,0.660000,0.500000,0.732984,0.763280,0.167524
0.660000,0.020000,0.020000,0.340000,0.980000,0.317028,0.732984,0.763280,0.167524
0.660000,0.020000,0.020000,0.660000,0.020000,0.315450,0.732984,0.763280,0.167524
0.660000,0.020000,0.020000,0.660000,0.340000,0.315450,0.732984,0.763280,0.167524
0.660000,0.020000,0.020000,0.660000,0.660000,0.315450,0.732984,0.763280,0.167524
0.660000,0.020000,0.020000,0.660000,0.980000,0.315450,0.732984,0.763280,0.167524
0.660000,0.020000,0.020000,0.980000,0.020000,0.316876,0.732984,0.763280,0.167524
0.660000,0.020000,0.020000,0.980000,0.340000,0.316876,0.732984,0.763280,0.167524
0.660000,0.020000,0.020000,0.980000,0.660000,0.316876,0.732984,0.763280,0.167524
0.660000,0.020000,0.020000,0.980000,0.980000,0.316876,0.732984,0.763280,0.167524
0.660000,0.020000,0.340000,0.020000,0.020000,0.317535,0.500000,0.364952,0.167524
0.660000,0.020000,0.340000,0.020000,0.340000,0.500000,0.500000,0.364952,0.167524
0.660000,0.020000,0.340000,0.020000,0.660000,0.478303,0.500000,0.364952,0.167524
0.660000,0.020000,0.340000,0.020000,0.980000,0.317028,0.500000,0.364952,0.167524
0.660000,0.020000,0.340000,0.340000,0.020000,0.317535,0.500000,0.364952,0.167524
0.660000,0.020000,0.340000,0.340000,0.340000,0.500000,0.500000,0.364952,0.167524
0.660000,0.020000,0.340000,0.340000,0.660000,0.478303,0.500000,0.364952,0.167524
0.660000,0.020000,0.340000,0.340000,0.980000,0.317028,0.500000,0.364952,0.167524
0.660000,0.020000,0.340000,0.660000,0.020000,0.315450,0.500000,0.364952,0.167524
0.660000,0.020000,0.340000,0.660000,0.340000,0.315450,0.500000,0.364952,0.167524
0.660000,0.020000,0.340000,0.660000,0.660000,0.315450,0.500000,0.364952,0.167524
0.660000,0.020000,0.340000,0.660000,0.980000,0.315450,0.500000,0.364952,0.167524
0.660000,0.020000,0.340000,0.980000,0.020000,0.316876,0.500000,0.364952,0.167524
0.660000,0.020000,0.340000,0.980000,0.340000,0.316876,0.500000,0.364952,0.167524
0.660000,0.020000,0.340000,0.980000,0.660000,0.316876,0.500000,0.364952,0.167524
0.660000,0.020000,0.340000,0.980000,0.980000,0.316876,0.500000,0.364952,0.167524
0.660000,0.020000,0.660000,0.020000,0.020000,0.317535,0.500000,0.364952,0.167524
0.660000,0.020000,0.660000,0.020000,0.340000,0.500000,0.500000,0.364952,0.167524
0.660000,0.020000,0.660000,0.020000,0.660000,0.315568,0.500000,0.364952,0.167524
0.660000,0.020000,0.660000,0.020000,0.980000,0.317028,0.500000,0.364952,0.167524
0.660000,0.020000,0.660000,0.340000,0.020000,0.317535,0.500000,0.364952,0.167524
0.660000,0.020000,0.660000,0.340000,0.340000,0.500000,0.500000,0.364952,0.167524
0.660000,0.020000,0.660000,0.340000,0.660000,0.315568,0.500000,0.364952,0.167524
0.660000,0.020000,0.660000,0.340000,0.980000,0.317028,0.500000,0.364952,0.167524
0.660000,0.020000,0.660000,0.660000,0.020000,0.315450,0.500000,0.364952,0.167524
0.660000,0.020000,0.660000,0.660000,0.340000,0.315450,0.500000,0.364952,0.167524
0.660000,0.020000,0.660000,0.660000,0.660000,0.315450,0.500000,0.364952,0.167524
0.660000,0.020000,0.660000,0.660000,0.980000,0.315450,0.500000,0.364952,0.167524
0.660000,0.020000,0.660000,0.980000,0.020000,0.316876,0.500000,0.364952,0.167524
0.660000,0.020000,0.660000,0.980000,0.340000,0.316876,0.500000,0.364952,0.167524
0.660000,0.020000,0.660000,0.980000,0.660000,0.315568,0.500000,0.364952,0.167524
0.660000,0.020000,0.660000,0.980000,0.980000,0.316876,0.500000,0.364952,0.167524
0.660000,0.020000,0.980000,0.020000,0.020000,0.317535,0.500000,0.364952,0.167524
0.660000,0.020000,0.980000,0.020000,0.340000,0.500000,0.500000,0.364952,0.167524
0.660000,0.020000,0.980000,0.020000,0.660000,0.317441,0.500000,0.364952,0.167524
0.660000,0.020000,0.980000,0.020000,0.980000,0.317028,0.500000,0.364952,0.167524
0.660000,0.020000,0.980000,0.340000,0.020000,0.317535,0.500000,0.364952,0.167524
0.660000,0.020000,0.980000,0.340000,0.340000,0.500000,0.500000,0.364952,0.167524
0.660000,0.020000,0.980000,0.340000,0.660000,0.317441,0.500000,0.364952,0.167524
0.660000,0.020000,0.980000,0.340000,0.980000,0.317028,0.500000,0.364952,0.167524
0.660000,0.020000,0.980000,0.660000,0.020000,0.315450,0.500000,0.364952,0.167524
0.660000,0.020000,0.980000,0.660000,0.340000,0.315450,0.500000,0.364952,0.167524
0.660000,0.020000,0.980000,0.660000,0.660000,0.315450,0.500000,0.364952,0.167524
0.660000,0.020000,0.980000,0.660000,0.980000,0.315450,0.500000,0.364952,0.167524
0.660000,0.020000,0.980000,0.980000,0.020000,0.316876,0.500000,0.364952,0.167524
0.660000,0.020000,0.980000,0.980000,0.340000,0.316876,0.500000,0.364952,0.167524
0.660000,0.020000,0.980000,0.980000,0.660000,0.316876,0.500000,0.364952,0.167524
0.660000,0.020000,0.980000,0.980000,0.980000,0.316876,0.500000,0.364952,0.167524
0.660000,0.340000,0.020000,0.020000,0.020000,0.176799,0.496531,0.290551,0.485124
0.660000,0.340000,0.020000,0.020000,0.340000,0.500000,0.496531,0.290551,0.485124
0.660000,0.340000,0.020000,0.020000,0.660000,0.500000,0.496531,0.290551,0.485124
0.660000,0.340000,0.020000,0.020000,0.980000,0.134670,0.496531,0.290551,0.485124
0.660000,0.340000,0.020000,0.340000,0.020000,0.188472,0.496531,0.290551,0.485124
0.660000,0.340000,0.020000,0.340000,0.340000,0.500000,0.496531,0.290551,0.485124
0.660000,0.340000,0.020000,0.340000,0.660000,0.500000,0.496531,0.290551,0.485124
0.660000,0.340000,0.020000,0.340000,0.980000,0.155996,0.496531,0.290551,0.485124
0.660000,0.340000,0.020000,0.660000,0.020000,0.184116,0.496531,0.290551,0.485124
0.660000,0.340000,0.020000,0.660000,0.340000,0.197437,0.496531,0.290551,0.485124
0.660000,0.340000,0.020000,0.660000,0.660000,0.152646,0.496531,0.290551,0.485124
0.660000,0.340000,0.020000,0.660000,0.980000,0.150649,0.496531,0.290551,0.485124
0.660000,0.340000,0.020000,0.980000,0.020000,0.176154,0.496531,0.290551,0.485124
0.660000,0.340000,0.020000,0.980000,0.340000,0.198883,0.496531,0.290551,0.485124
0.660000,0.340000,0.020000,0.980000,0.660000,0.153889,0.496531,0.290551,0.485124
0.660000,0.340000,0.020000,0.980000,0.980000,0.134553,0.496531,0.290551,0.485124
0.660000,0.340000,0.340000,0.020000,0.020000,0.199647,0.498887,0.365576,0.412335
0.660000,0.340000,0.340000,0.020000,0.340000,0.500000,0.498887,0.365576,0.412335
0.660000,0.340000,0.340000,0.020000,0.660000,0.195947,0.498887,0.365576,0.412335
0.660000,0.340000,0.340000,0.020000,0.980000,0.134670,0.498887,0.365576,0.412335
0.660000,0.340000,0.340000,0.340000,0.020000,0.199647,0.498887,0.365576,0.412335
0.660000,0.340000,0.340000,0.340000,0.340000,0.517786,0.498887,0.365576,0.412335
0.660000,0.340000,0.340000,0.340000,0.660000,0.195947,0.498887,0.365576,0.412335
0.660000,0.340000,0.340000,0.340000,0.980000,0.134670,0.498887,0.365576,0.412335
0.660000,0.340000,0.340000,0.660000,0.020000,0.133426,0.498887,0.365576,0.412335
0.660000,0.340000,0.340000,0.660000,0.340000,0.133426,0.498887,0.365576,0.412335
0.660000,0.340000,0.340000,0.660000,0.660000,0.133426,0.498887,0.365576,0.412335
0.660000,0.340000,0.340000,0.660000,0.980000,0.133426,0.498887,0.365576,0.412335
0.660000,0.340000,0.340000,0.980000,0.020000,0.134553,0.498887,0.365576,0.412335
0.660000,0.340000,0.340000,0.980000,0.340000,0.134553,0.498887,0.365576,0.412335
0.660000,0.340000,0.340000,0.980000,0.660000,0.134553,0.498887,0.365576,0.412335
0.660000,0.340000,0.340000,0.980000,0.980000,0.134553,0.498887,0.365576,0.412335
0.660000,0.340000,0.660000,0.020000,0.020000,0.135056,0.498887,0.365585,0.412341
0.660000,0.340000,0.660000,0.020000,0.660000,0.133523,0.498887,0.365585,0.412341
0.660000,0.340000,0.660000,0.020000,0.980000,0.134670,0.498887,0.365585,0.412341
0.660000,0.340000,0.660000,0.340000,0.020000,0.135056,0.498887,0.365585,0.412341
0.660000,0.340000,0.660000,0.340000,0.340000,0.803320,0.498887,0.365585,0.412341
0.660000,0.340000,0.660000,0.340000,0.660000,0.133523,0.498887,0.365585,0.412341
0.660000,0.340000,0.660000,0.340000,0.980000,0.134670,0.498887,0.365585,0.412341
0.660000,0.340000,0.660000,0.660000,0.020000,0.133426,0.498887,0.365585,0.412341
0.660000,0.340000,0.660000,0.660000,0.340000,0.133426,0.498887,0.365585,0.412341
0.660000,0.340000,0.660000,0.660000,0.660000,0.133426,0.498887,0.365585,0.412341
0.660000,0.340000,0.660000,0.660000,0.980000,0.133426,0.498887,0.365585,0.412341
0.660000,0.340000,0.660000,0.980000,0.020000,0.134553,0.498887,0.365585,0.412341
0.660000,0.340000,0.660000,0.980000,0.340000,0.134553,0.498887,0.365585,0.412341
0.660000,0.340000,0.660000,0.980000,0.660000,0.133523,0.498887,0.365585,0.412341
0.660000,0.340000,0.660000,0.980000,0.980000,0.134553,0.498887,0.365585,0.412341
0.660000,0.340000,0.980000,0.020000,0.020000,0.135056,0.498874,0.364132,0.411438
0.660000,0.340000,0.980000,0.020000,0.660000,0.134985,0.498874,0.364132,0.411438
0.660000,0.340000,0.980000,0.020000,0.980000,0.134670,0.498874,0.364132,0.411438
0.660000,0.340000,0.980000,0.340000,0.020000,0.135056,0.498874,0.364132,0.411438
0.660000,0.340000,0.980000,0.340000,0.660000,0.134985,0.498874,0.364132,0.411438
0.660000,0.340000,0.980000,0.340000,0.980000,0.134670,0.498874,0.364132,0.411438
0.660000,0.340000,0.980000,0.660000,0.020000,0.133426,0.498874,0.364132,0.411438
0.660000,0.340000,0.980000,0.660000,0.340000,0.133426,0.498874,0.364132,0.411438
0.660000,0.340000,0.980000,0.660000,0.660000,0.133426,0.498874,0.364132,0.411438
0.660000,0.340000,0.980000,0.660000,0.980000,0.133426,0.498874,0.364132,0.411438
0.660000,0.340000,0.980000,0.980000,0.020000,0.134553,0.498874,0.364132,0.411438
0.660000,0.340000,0.980000,0.980000,0.340000,0.134553,0.498874,0.364132,0.411438
0.660000,0.340000,0.980000,0.980000,0.660000,0.134553,0.498874,0.364132,0.411438
0.660000,0.340000,0.980000,0.980000,0.980000,0.134553,0.498874,0.364132,0.411438
0.660000,0.660000,0.020000,0.020000,0.020000,0.176799,0.403282,0.242071,0.411398
0.660000,0.660000,0.020000,0.020000,0.340000,0.500000,0.403282,0.242071,0.411398
0.660000,0.660000,0.020000,0.020000,0.660000,0.500000,0.403282,0.242071,0.411398
0.660000,0.660000,0.020000,0.020000,0.980000,0.134670,0.403282,0.242071,0.411398
0.660000,0.660000,0.020000,0.340000,0.020000,0.188472,0.403282,0.242071,0.411398
0.660000,0.660000,0.020000,0.340000,0.340000,0.500000,0.403282,0.242071,0.411398
0.660000,0.660000,0.020000,0.340000,0.660000,0.500000,0.403282,0.242071,0.411398
0.660000,0.660000,0.020000,0.340000,0.980000,0.155996,0.403282,0.242071,0.411398
0.660000,0.660000,0.020000,0.660000,0.020000,0.184116,0.403282,0.242071,0.411398
0.660000,0.660000,0.020000,0.660000,0.340000,0.197437,0.403282,0.242071,0.411398
0.660000,0.660000,0.020000,0.660000,0.660000,0.152646,0.403282,0.242071,0.411398
0.660000,0.660000,0.020000,0.660000,0.980000,0.150649,0.403282,0.242071,0.411398
0.660000,0.660000,0.020000,0.980000,0.020000,0.176154,0.403282,0.242071,0.411398
0.660000,0.660000,0.020000,0.980000,0.340000,0.198883,0.403282,0.242071,0.411398
0.660000,0.660000,0.020000,0.980000,0.660000,0.153889,0.403282,0.242071,0.411398
0.660000,0.660000,0.020000,0.980000,0.980000,0.134553,0.403282,0.242071,0.411398
0.660000,0.660000,0.340000,0.020000,0.020000,0.199647,0.401023,0.242736,0.412335
0.660000,0.660000,0.340000,0.020000,0.340000,0.500000,0.401023,0.242736,0.412335
0.660000,0.660000,0.340000,0.020000,0.660000,0.195947,0.401023,0.242736,0.412335
0.660000,0.660000,0.340000,0.020000,0.980000,0.134670,0.401023,0.242736,0.412335
0.660000,0.660000,0.340000,0.340000,0.020000,0.199647,0.401023,0.242736,0.412335
0.660000,0.660000,0.340000,0.340000,0.340000,0.517786,0.401023,0.242736,0.412335
0.660000,0.660000,0.340000,0.340000,0.660000,0.195947,0.401023,0.242736,0.412335
0.660000,0.660000,0.340000,0.340000,0.980000,0.134670,0.401023,0.242736,0.412335
0.660000,0.660000,0.340000,0.660000,0.020000,0.133426,0.401023,0.242736,0.412335
0.660000,0.660000,0.340000,0.660000,0.340000,0.133426,0.401023,0.242736,0.412335
0.660000,0.660000,0.340000,0.660000,0.660000,0.133426,0.401023,0.242736,0.412335
0.660000,0.660000,0.340000,0.660000,0.980000,0.133426,0.401023,0.242736,0.412335
0.660000,0.660000,0.340000,0.980000,0.020000,0.134553,0.401023,0.242736,0.412335
0.660000,0.660000,0.340000,0.980000,0.340000,0.134553,0.401023,0.242736,0.412335
0.660000,0.660000,0.340000,0.980000,0.660000,0.134553,0.401023,0.242736,0.412335
0.660000,0.660000,0.340000,0.980000,0.980000,0.134553,0.401023,0.242736,0.412335
0.660000,0.660000,0.660000,0.020000,0.020000,0.135056,0.400308,0.233231,0.412341
0.660000,0.660000,0.660000,0.020000,0.660000,0.133523,0.400308,0.233231,0.412341
0.660000,0.660000,0.660000,0.020000,0.980000,0.134670,0.400308,0.233231,0.412341
0.660000,0.660000,0.660000,0.340000,0.020000,0.135056,0.400308,0.233231,0.412341
0.660000,0.660000,0.660000,0.340000,0.340000,0.803320,0.400308,0.233231,0.412341
0.660000,0.660000,0.660000,0.340000,0.660000,0.133523,0.400308,0.233231,0.412341
0.660000,0.660000,0.660000,0.340000,0.980000,0.134670,0.400308,0.233231,0.412341
0.660000,0.660000,0.660000,0.660000,0.020000,0.133426,0.400308,0.233231,0.412341
0.660000,0.660000,0.660000,0.660000,0.340000,0.133426,0.400308,0.233231,0.412341
0.660000,0.660000,0.660000,0.660000,0.660000,0.133426,0.400308,0.233231,0.412341
0.660000,0.660000,0.660000,0.660000,0.980000,0.133426,0.400308,0.233231,0.412341
0.660000,0.660000,0.660000,0.980000,0.020000,0.134553,0.400308,0.233231,0.412341
0.660000,0.660000,0.660000,0.980000,0.340000,0.134553,0.400308,0.233231,0.412341
0.660000,0.660000,0.660000,0.980000,0.660000,0.133523,0.400308,0.233231,0.412341
0.660000,0.660000,0.660000,0.980000,0.980000,0.134553,0.400308,0.233231,0.412341
0.660000,0.660000,0.980000,0.020000,0.020000,0.135056,0.402477,0.232508,0.411438
0.660000,0.660000,0.980000,0.020000,0.660000,0.134985,0.402477,0.232508,0.411438
0.660000,0.660000,0.980000,0.020000,0.980000,0.134670,0.402477,0.232508,0.411438
0.660000,0.660000,0.980000,0.340000,0.020000,0.135056,0.402477,0.232508,0.411438
0.660000,0.660000,0.980000,0.340000,0.660000,0.134985,0.402477,0.232508,0.411438
0.660000,0.660000,0.980000,0.340000,0.980000,0.134670,0.402477,0.232508,0.411438
0.660000,0.660000,0.980000,0.660000,0.020000,0.133426,0.402477,0.232508,0.411438
0.660000,0.660000,0.980000,0.660000,0.340000,0.133426,0.402477,0.232508,0.411438
0.660000,0.660000,0.980000,0.660000,0.660000,0.133426,0.402477,0.232508,0.411438
0.660000,0.660000,0.980000,0.660000,0.980000,0.133426,0.402477,0.232508,0.411438
0.660000,0.660000,0.980000,0.980000,0.020000,0.134553,0.402477,0.232508,0.411438
0.660000,0.660000,0.980000,0.980000,0.340000,0.134553,0.402477,0.232508,0.411438
0.660000,0.660000,0.980000,0.980000,0.660000,0.134553,0.402477,0.232508,0.411438
0.660000,0.660000,0.980000,0.980000,0.980000,0.134553,0.402477,0.232508,0.411438
0.660000,0.980000,0.020000,0.020000,0.020000,0.135048,0.402573,0.232476,0.336807
0.660000,0.980000,0.020000,0.020000,0.340000,0.135048,0.402573,0.232476,0.336807
0.660000,0.980000,0.020000,0.020000,0.660000,0.135048,0.402573,0.232476,0.336807
0.660000,0.980000,0.020000,0.020000,0.980000,0.134670,0.402573,0.232476,0.336807
0.660000,0.980000,0.020000,0.340000,0.020000,0.135048,0.402573,0.232476,0.336807
0.660000,0.980000,0.020000,0.340000,0.340000,0.135048,0.402573,0.232476,0.336807
0.660000,0.980000,0.020000,0.340000,0.660000,0.135048,0.402573,0.232476,0.336807
0.660000,0.980000,0.020000,0.340000,0.980000,0.134670,0.402573,0.232476,0.336807
0.660000,0.980000,0.020000,0.660000,0.020000,0.133426,0.402573,0.232476,0.336807
0.660000,0.980000,0.020000,0.660000,0.340000,0.133426,0.402573,0.232476,0.336807
0.660000,0.980000,0.020000,0.660000,0.660000,0.133426,0.402573,0.232476,0.336807
0.660000,0.980000,0.020000,0.660000,0.980000,0.133426,0.402573,0.232476,0.336807
0.660000,0.980000,0.020000,0.980000,0.020000,0.134553,0.402573,0.232476,0.336807
0.660000,0.980000,0.020000,0.980000,0.340000,0.134553,0.402573,0.232476,0.336807
0.660000,0.980000,0.020000,0.980000,0.660000,0.134553,0.402573,0.232476,0.336807
0.660000,0.980000,0.020000,0.980000,0.980000,0.134553,0.402573,0.232476,0.336807
0.660000,0.980000,0.340000,0.020000,0.020000,0.199637,0.402571,0.232476,0.336808
0.660000,0.980000,0.340000,0.020000,0.340000,0.317515,0.402571,0.232476,0.336808
0.660000,0.980000,0.340000,0.020000,0.660000,0.135048,0.402571,0.232476,0.336808
0.660000,0.980000,0.340000,0.020000,0.980000,0.134670,0.402571,0.232476,0.336808
0.660000,0.980000,0.340000,0.340000,0.020000,0.199637,0.402571,0.232476,0.336808
0.660000,0.980000,0.340000,0.340000,0.340000,0.318647,0.402571,0.232476,0.336808
0.660000,0.980000,0.340000,0.340000,0.660000,0.135048,0.402571,0.232476,0.336808
0.660000,0.980000,0.340000,0.340000,0.980000,0.134670,0.402571,0.232476,0.336808
0.660000,0.980000,0.340000,0.660000,0.020000,0.133426,0.402571,0.232476,0.336808
0.660000,0.980000,0.340000,0.660000,0.340000,0.133426,0.402571,0.232476,0.336808
0.660000,0.980000,0.340000,0.660000,0.660000,0.133426,0.402571,0.232476,0.336808
0.660000,0.980000,0.340000,0.660000,0.980000,0.133426,0.402571,0.232476,0.336808
0.660000,0.980000,0.340000,0.980000,0.020000,0.134553,0.402571,0.232476,0.336808
0.660000,0.980000,0.340000,0.980000,0.340000,0.134553,0.402571,0.232476,0.336808
0.660000,0.980000,0.340000,0.980000,0.660000,0.134553,0.402571,0.232476,0.336808
0.660000,0.980000,0.340000,0.980000,0.980000,0.134553,0.402571,0.232476,0.336808
0.660000,0.980000,0.660000,0.020000,0.020000,0.135048,0.402571,0.232476,0.336808
0.660000,0.980000,0.660000,0.020000,0.340000,0.135048,0.402571,0.232476,0.336808
0.660000,0.980000,0.660000,0.020000,0.660000,0.133523,0.402571,0.232476,0.336808
0.660000,0.980000,0.660000,0.020000,0.980000,0.134670,0.402571,0.232476,0.336808
0.660000,0.980000,0.660000,0.340000,0.020000,0.135048,0.402571,0.232476,0.336808
0.660000,0.980000,0.660000,0.340000,0.340000,0.135048,0.402571,0.232476,0.336808
0.660000,0.980000,0.660000,0.340000,0.660000,0.133523,0.402571,0.232476,0.336808
0.660000,0.980000,0.660000,0.340000,0.980000,0.134670,0.402571,0.232476,0.336808
0.660000,0.980000,0.660000,0.660000,0.020000,0.133426,0.402571,0.232476,0.336808
0.660000,0.980000,0.660000,0.660000,0.340000,0.133426,0.402571,0.232476,0.336808
0.660000,0.980000,0.660000,0.660000,0.660000,0.133426,0.402571,0.232476,0.336808
0.660000,0.980000,0.660000,0.660000,0.980000,0.133426,0.402571,0.232476,0.336808
0.660000,0.980000,0.660000,0.980000,0.020000,0.134553,0.402571,0.232476,0.336808
0.660000,0.980000,0.660000,0.980000,0.340000,0.134553,0.402571,0.232476,0.336808
0.660000,0.980000,0.660000,0.980000,0.660000,0.133523,0.402571,0.232476,0.336808
0.660000,0.980000,0.660000,0.980000,0.980000,0.134553,0.402571,0.232476,0.336808
0.660000,0.980000,0.980000,0.020000,0.020000,0.135048,0.402571,0.232476,0.336808
0.660000,0.980000,0.980000,0.020000,0.340000,0.135048,0.402571,0.232476,0.336808
0.660000,0.980000,0.980000,0.020000,0.660000,0.134985,0.402571,0.232476,0.336808
0.660000,0.980000,0.980000,0.020000,0.980000,0.134670,0.402571,0.232476,0.336808
0.660000,0.980000,0.980000,0.340000,0.020000,0.135048,0.402571,0.232476,0.336808
0.660000,0.980000,0.980000,0.340000,0.340000,0.135048,0.402571,0.232476,0.336808
0.660000,0.980000,0.980000,0.340000,0.660000,0.134985,0.402571,0.232476,0.336808
0.660000,0.980000,0.980000,0.340000,0.980000,0.134670,0.402571,0.232476,0.336808
0.660000,0.980000,0.980000,0.660000,0.020000,0.133426,0.402571,0.232476,0.336808
0.660000,0.980000,0.980000,0.660000,0.340000,0.133426,0.402571,0.232476,0.336808
0.660000,0.980000,0.980000,0.660000,0.660000,0.133426,0.402571,0.232476,0.336808
0.660000,0.980000,0.980000,0.660000,0.980000,0.133426,0.402571,0.232476,0.336808
0.660000,0.980000,0.980000,0.980000,0.020000,0.134553,0.402571,0.232476,0.336808
0.660000,0.980000,0.980000,0.980000,0.340000,0.134553,0.402571,0.232476,0.336808
0.660000,0.980000,0.980000,0.980000,0.660000,0.134553,0.402571,0.232476,0.336808
0.660000,0.980000,0.980000,0.980000,0.980000,0.134553,0.402571,0.232476,0.336808
0.980000,0.020000,0.020000,0.020000,0.020000,0.317187,0.766238,0.798713,0.167396
0.980000,0.020000,0.020000,0.020000,0.340000,0.317187,0.766238,0.798713,0.167396
0.980000,0.020000,0.020000,0.020000,0.660000,0.317187,0.766238,0.798713,0.167396
0.980000,0.020000,0.020000,0.020000,0.980000,0.317028,0.766238,0.798713,0.167396
0.980000,0.020000,0.020000,0.340000,0.020000,0.317187,0.766238,0.798713,0.167396
0.980000,0.020000,0.020000,0.340000,0.340000,0.317187,0.766238,0.798713,0.167396
0.980000,0.020000,0.020000,0.340000,0.660000,0.317187,0.766238,0.798713,0.167396
0.980000,0.020000,0.020000,0.340000,0.980000,0.317028,0.766238,0.798713,0.167396
0.980000,0.020000,0.020000,0.660000,0.020000,0.315450,0.766238,0.798713,0.167396
0.980000,0.020000,0.020000,0.660000,0.340000,0.315450,0.766238,0.798713,0.167396
0.980000,0.020000,0.020000,0.660000,0.660000,0.315450,0.766238,0.798713,0.167396
0.980000,0.020000,0.020000,0.660000,0.980000,0.315450,0.766238,0.798713,0.167396
0.980000,0.020000,0.020000,0.980000,0.020000,0.316876,0.766238,0.798713,0.167396
0.980000,0.020000,0.020000,0.980000,0.340000,0.316876,0.766238,0.798713,0.167396
0.980000,0.020000,0.020000,0.980000,0.660000,0.316876,0.766238,0.798713,0.167396
0.980000,0.020000,0.020000,0.980000,0.980000,0.316876,0.766238,0.798713,0.167396
0.980000,0.020000,0.340000,0.020000,0.020000,0.317187,0.500000,0.364952,0.167396
0.980000,0.020000,0.340000,0.020000,0.340000,0.317187,0.500000,0.364952,0.167396
0.980000,0.020000,0.340000,0.020000,0.660000,0.317187,0.500000,0.364952,0.167396
0.980000,0.020000,0.340000,0.020000,0.980000,0.317028,0.500000,0.364952,0.167396
0.980000,0.020000,0.340000,0.340000,0.020000,0.317187,0.500000,0.364952,0.167396
0.980000,0.020000,0.340000,0.340000,0.340000,0.318311,0.500000,0.364952,0.167396
0.980000,0.020000,0.340000,0.340000,0.660000,0.317187,0.500000,0.364952,0.167396
0.980000,0.020000,0.340000,0.340000,0.980000,0.317028,0.500000,0.364952,0.167396
0.980000,0.020000,0.340000,0.660000,0.020000,0.315450,0.500000,0.364952,0.167396
0.980000,0.020000,0.340000,0.660000,0.340000,0.315450,0.500000,0.364952,0.167396
0.980000,0.020000,0.340000,0.660000,0.660000,0.315450,0.500000,0.364952,0.167396
0.980000,0.020000,0.340000,0.660000,0.980000,0.315450,0.500000,0.364952,0.167396
0.980000,0.020000,0.340000,0.980000,0.020000,0.316876,0.500000,0.364952,0.167396
0.980000,0.020000,0.340000,0.980000,0.340000,0.316876,0.500000,0.364952,0.167396
0.980000,0.020000,0.340000,0.980000,0.660000,0.316876,0.500000,0.364952,0.167396
0.980000,0.020000,0.340000,0.980000,0.980000,0.316876,0.500000,0.364952,0.167396
0.980000,0.020000,0.660000,0.020000,0.020000,0.317187,0.500000,0.364952,0.167396
0.980000,0.020000,0.660000,0.020000,0.340000,0.317187,0.500000,0.364952,0.167396
0.980000,0.020000,0.660000,0.020000,0.660000,0.315568,0.500000,0.364952,0.167396
0.980000,0.020000,0.660000,0.020000,0.980000,0.317028,0.500000,0.364952,0.167396
0.980000,0.020000,0.660000,0.340000,0.020000,0.317187,0.500000,0.364952,0.167396
0.980000,0.020000,0.660000,0.340000,0.340000,0.317187,0.500000,0.364952,0.167396
0.980000,0.020000,0.660000,0.340000,0.660000,0.315568,0.500000,0.364952,0.167396
0.980000,0.020000,0.660000,0.340000,0.980000,0.317028,0.500000,0.364952,0.167396
0.980000,0.020000,0.660000,0.660000,0.020000,0.315450,0.500000,0.364952,0.167396
0.980000,0.020000,0.660000,0.660000,0.340000,0.315450,0.500000,0.364952,0.167396
0.980000,0.020000,0.660000,0.660000,0.660000,0.315450,0.500000,0.364952,0.167396
0.980000,0.020000,0.660000,0.660000,0.980000,0.315450,0.500000,0.364952,0.167396
0.980000,0.020000,0.660000,0.980000,0.020000,0.316876,0.500000,0.364952,0.167396
0.980000,0.020000,0.660000,0.980000,0.340000,0.316876,0.500000,0.364952,0.167396
0.980000,0.020000,0.660000,0.980000,0.660000,0.315568,0.500000,0.364952,0.167396
0.980000,0.020000,0.660000,0.980000,0.980000,0.316876,0.500000,0.364952,0.167396
0.980000,0.020000,0.980000,0.020000,0.020000,0.317187,0.500000,0.364952,0.167396
0.980000,0.020000,0.980000,0.020000,0.340000,0.317187,0.500000,0.364952,0.167396
0.980000,0.020000,0.980000,0.020000,0.660000,0.317187,0.500000,0.364952,0.167396
0.980000,0.020000,0.980000,0.020000,0.980000,0.317028,0.500000,0.364952,0.167396
0.980000,0.020000,0.980000,0.340000,0.020000,0.317187,0.500000,0.364952,0.167396
0.980000,0.020000,0.980000,0.340000,0.340000,0.317187,0.500000,0.364952,0.167396
0.980000,0.020000,0.980000,0.340000,0.660000,0.317187,0.500000,0.364952,0.167396
0.980000,0.020000,0.980000,0.340000,0.980000,0.317028,0.500000,0.364952,0.167396
0.980000,0.020000,0.980000,0.660000,0.020000,0.315450,0.500000,0.364952,0.167396
0.980000,0.020000,0.980000,0.660000,0.340000,0.315450,0.500000,0.364952,0.167396
0.980000,0.020000,0.980000,0.660000,0.660000,0.315450,0.500000,0.364952,0.167396
0.980000,0.020000,0.980000,0.660000,0.980000,0.315450,0.500000,0.364952,0.167396
0.980000,0.020000,0.980000,0.980000,0.020000,0.316876,0.500000,0.364952,0.167396
0.980000,0.020000,0.980000,0.980000,0.340000,0.316876,0.500000,0.364952,0.167396
0.980000,0.020000,0.980000,0.980000,0.660000,0.316876,0.500000,0.364952,0.167396
0.980000,0.020000,0.980000,0.980000,0.980000,0.316876,0.500000,0.364952,0.167396
0.980000,0.340000,0.020000,0.020000,0.020000,0.134791,0.494041,0.201986,0.167396
0.980000,0.340000,0.020000,0.020000,0.340000,0.134791,0.494041,0.201986,0.167396
0.980000,0.340000,0.020000,0.020000,0.660000,0.134791,0.494041,0.201986,0.167396
0.980000,0.340000,0.020000,0.020000,0.980000,0.134670,0.494041,0.201986,0.167396
0.980000,0.340000,0.020000,0.340000,0.020000,0.134791,0.494041,0.201986,0.167396
0.980000,0.340000,0.020000,0.340000,0.340000,0.134791,0.494041,0.201986,0.167396
0.980000,0.340000,0.020000,0.340000,0.660000,0.134791,0.494041,0.201986,0.167396
0.980000,0.340000,0.020000,0.340000,0.980000,0.134670,0.494041,0.201986,0.167396
0.980000,0.340000,0.020000,0.660000,0.020000,0.133426,0.494041,0.201986,0.167396
0.980000,0.340000,0.020000,0.660000,0.340000,0.133426,0.494041,0.201986,0.167396
0.980000,0.340000,0.020000,0.660000,0.660000,0.133426,0.494041,0.201986,0.167396
0.980000,0.340000,0.020000,0.660000,0.980000,0.133426,0.494041,0.201986,0.167396
0.980000,0.340000,0.020000,0.980000,0.020000,0.134553,0.494041,0.201986,0.167396
0.980000,0.340000,0.020000,0.980000,0.340000,0.134553,0.494041,0.201986,0.167396
0.980000,0.340000,0.020000,0.980000,0.660000,0.134553,0.494041,0.201986,0.167396
0.980000,0.340000,0.020000,0.980000,0.980000,0.134553,0.494041,0.201986,0.167396
0.980000,0.340000,0.340000,0.020000,0.020000,0.199299,0.498887,0.365576,0.167396
0.980000,0.340000,0.340000,0.020000,0.340000,0.317178,0.498887,0.365576,0.167396
0.980000,0.340000,0.340000,0.020000,0.660000,0.134791,0.498887,0.365576,0.167396
0.980000,0.340000,0.340000,0.020000,0.980000,0.134670,0.498887,0.365576,0.167396
0.980000,0.340000,0.340000,0.340000,0.020000,0.199299,0.498887,0.365576,0.167396
0.980000,0.340000,0.340000,0.340000,0.340000,0.318311,0.498887,0.365576,0.167396
0.980000,0.340000,0.340000,0.340000,0.660000,0.134791,0.498887,0.365576,0.167396
0.980000,0.340000,0.340000,0.340000,0.980000,0.134670,0.498887,0.365576,0.167396
0.980000,0.340000,0.340000,0.660000,0.020000,0.133426,0.498887,0.365576,0.167396
0.980000,0.340000,0.340000,0.660000,0.340000,0.133426,0.498887,0.365576,0.167396
0.980000,0.340000,0.340000,0.660000,0.660000,0.133426,0.498887,0.365576,0.167396
0.980000,0.340000,0.340000,0.660000,0.980000,0.133426,0.498887,0.365576,0.167396
0.980000,0.340000,0.340000,0.980000,0.020000,0.134553,0.498887,0.365576,0.167396
0.980000,0.340000,0.340000,0.980000,0.340000,0.134553,0.498887,0.365576,0.167396
0.980000,0.340000,0.340000,0.980000,0.660000,0.134553,0.498887,0.365576,0.167396
0.980000,0.340000,0.340000,0.980000,0.980000,0.134553,0.498887,0.365576,0.167396
0.980000,0.340000,0.660000,0.020000,0.020000,0.134791,0.498887,0.365585,0.167396
0.980000,0.340000,0.660000,0.020000,0.340000,0.134791,0.498887,0.365585,0.167396
0.980000,0.340000,0.660000,0.020000,0.660000,0.133523,0.498887,0.365585,0.167396
0.980000,0.340000,0.660000,0.020000,0.980000,0.134670,0.498887,0.365585,0.167396
0.980000,0.340000,0.660000,0.340000,0.020000,0.134791,0.498887,0.365585,0.167396
0.980000,0.340000,0.660000,0.340000,0.340000,0.134791,0.498887,0.365585,0.167396
0.980000,0.340000,0.660000,0.340000,0.660000,0.133523,0.498887,0.365585,0.167396
0.980000,0.340000,0.660000,0.340000,0.980000,0.134670,0.498887,0.365585,0.167396
0.980000,0.340000,0.660000,0.660000,0.020000,0.133426,0.498887,0.365585,0.167396
0.980000,0.340000,0.660000,0.660000,0.340000,0.133426,0.498887,0.365585,0.167396
0.980000,0.340000,0.660000,0.660000,0.660000,0.133426,0.498887,0.365585,0.167396
0.980000,0.340000,0.660000,0.660000,0.980000,0.133426,0.498887,0.365585,0.167396
0.980000,0.340000,0.660000,0.980000,0.020000,0.134553,0.498887,0.365585,0.167396
0.980000,0.340000,0.660000,0.980000,0.340000,0.134553,0.498887,0.365585,0.167396
0.980000,0.340000,0.660000,0.980000,0.660000,0.133523,0.498887,0.365585,0.167396
0.980000,0.340000,0.660000,0.980000,0.980000,0.134553,0.498887,0.365585,0.167396
0.980000,0.340000,0.980000,0.020000,0.020000,0.134791,0.498874,0.364132,0.167396
0.980000,0.340000,0.980000,0.020000,0.340000,0.134791,0.498874,0.364132,0.167396
0.980000,0.340000,0.980000,0.020000,0.660000,0.134791,0.498874,0.364132,0.167396
0.980000,0.340000,0.980000,0.020000,0.980000,0.134670,0.498874,0.364132,0.167396
0.980000,0.340000,0.980000,0.340000,0.020000,0.134791,0.498874,0.364132,0.167396
0.980000,0.340000,0.980000,0.340000,0.340000,0.134791,0.498874,0.364132,0.167396
0.980000,0.340000,0.980000,0.340000,0.660000,0.134791,0.498874,0.364132,0.167396
0.980000,0.340000,0.980000,0.340000,0.980000,0.134670,0.498874,0.364132,0.167396
0.980000,0.340000,0.980000,0.660000,0.020000,0.133426,0.498874,0.364132,0.167396
0.980000,0.340000,0.980000,0.660000,0.340000,0.133426,0.498874,0.364132,0.167396
0.980000,0.340000,0.980000,0.660000,0.660000,0.133426,0.498874,0.364132,0.167396
0.980000,0.340000,0.980000,0.660000,0.980000,0.133426,0.498874,0.364132,0.167396
0.980000,0.340000,0.980000,0.980000,0.020000,0.134553,0.498874,0.364132,0.167396
0.980000,0.340000,0.980000,0.980000,0.340000,0.134553,0.498874,0.364132,0.167396
0.980000,0.340000,0.980000,0.980000,0.660000,0.134553,0.498874,0.364132,0.167396
0.980000,0.340000,0.980000,0.980000,0.980000,0.134553,0.498874,0.364132,0.167396
0.980000,0.660000,0.020000,0.020000,0.020000,0.134791,0.402573,0.232476,0.167396
0.980000,0.660000,0.020000,0.020000,0.340000,0.134791,0.402573,0.232476,0.167396
0.980000,0.660000,0.020000,0.020000,0.660000,0.134791,0.402573,0.232476,0.167396
0.980000,0.660000,0.020000,0.020000,0.980000,0.134670,0.402573,0.232476,0.167396
0.980000,0.660000,0.020000,0.340000,0.020000,0.134791,0.402573,0.232476,0.167396
0.980000,0.660000,0.020000,0.340000,0.340000,0.134791,0.402573,0.232476,0.167396
0.980000,0.660000,0.020000,0.340000,0.660000,0.134791,0.402573,0.232476,0.167396
0.980000,0.660000,0.020000,0.340000,0.980000,0.134670,0.402573,0.232476,0.167396
0.980000,0.660000,0.020000,0.660000,0.020000,0.133426,0.402573,0.232476,0.167396
0.980000,0.660000,0.020000,0.660000,0.340000,0.133426,0.402573,0.232476,0.167396
0.980000,0.660000,0.020000,0.660000,0.660000,0.133426,0.402573,0.232476,0.167396
0.980000,0.660000,0.020000,0.660000,0.980000,0.133426,0.402573,0.232476,0.167396
0.980000,0.660000,0.020000,0.980000,0.020000,0.134553,0.402573,0.232476,0.167396
0.980000,0.660000,0.020000,0.980000,0.340000,0.134553,0.402573,0.232476,0.167396
0.980000,0.660000,0.020000,0.980000,0.660000,0.134553,0.402573,0.232476,0.167396
0.980000,0.660000,0.020000,0.980000,0.980000,0.134553,0.402573,0.232476,0.167396
0.980000,0.660000,0.340000,0.020000,0.020000,0.199299,0.400320,0.233227,0.167396
0.980000,0.660000,0.340000,0.020000,0.340000,0.317178,0.400320,0.233227,0.167396
0.980000,0.660000,0.340000,0.020000,0.660000,0.134791,0.400320,0.233227,0.167396
0.980000,0.660000,0.340000,0.020000,0.980000,0.134670,0.400320,0.233227,0.167396
0.980000,0.660000,0.340000,0.340000,0.020000,0.199299,0.400320,0.233227,0.167396
0.980000,0.660000,0.340000,0.340000,0.340000,0.318311,0.400320,0.233227,0.167396
0.980000,0.660000,0.340000,0.340000,0.660000,0.134791,0.400320,0.233227,0.167396
0.980000,0.660000,0.340000,0.340000,0.980000,0.134670,0.400320,0.233227,0.167396
0.980000,0.660000,0.340000,0.660000,0.020000,0.133426,0.400320,0.233227,0.167396
0.980000,0.660000,0.340000,0.660000,0.340000,0.133426,0.400320,0.233227,0.167396
0.980000,0.660000,0.340000,0.660000,0.660000,0.133426,0.400320,0.233227,0.167396
0.980000,0.660000,0.340000,0.660000,0.980000,0.133426,0.400320,0.233227,0.167396
0.980000,0.660000,0.340000,0.980000,0.020000,0.134553,0.400320,0.233227,0.167396
0.980000,0.660000,0.340000,0.980000,0.340000,0.134553,0.400320,0.233227,0.167396
0.980000,0.660000,0.340000,0.980000,0.660000,0.134553,0.400320,0.233227,0.167396
0.980000,0.660000,0.340000,0.980000,0.980000,0.134553,0.400320,0.233227,0.167396
0.980000,0.660000,0.660000,0.020000,0.020000,0.134791,0.400308,0.233231,0.167396
0.980000,0.660000,0.660000,0.020000,0.340000,0.134791,0.400308,0.233231,0.167396
0.980000,0.660000,0.660000,0.020000,0.660000,0.133523,0.400308,0.233231,0.167396
0.980000,0.660000,0.660000,0.020000,0.980000,0.134670,0.400308,0.233231,0.167396
0.980000,0.660000,0.660000,0.340000,0.020000,0.134791,0.400308,0.233231,0.167396
0.980000,0.660000,0.660000,0.340000,0.340000,0.134791,0.400308,0.233231,0.167396
0.980000,0.660000,0.660000,0.340000,0.660000,0.133523,0.400308,0.233231,0.167396
0.980000,0.660000,0.660000,0.340000,0.980000,0.134670,0.400308,0.233231,0.167396
0.980000,0.660000,0.660000,0.660000,0.020000,0.133426,0.400308,0.233231,0.167396
0.980000,0.660000,0.660000,0.660000,0.340000,0.133426,0.400308,0.233231,0.167396
0.980000,0.660000,0.660000,0.660000,0.660000,0.133426,0.400308,0.233231,0.167396
0.980000,0.660000,0.660000,0.660000,0.980000,0.133426,0.400308,0.233231,0.167396
0.980000,0.660000,0.660000,0.980000,0.020000,0.134553,0.400308,0.233231,0.167396
0.980000,0.660000,0.660000,0.980000,0.340000,0.134553,0.400308,0.233231,0.167396
0.980000,0.660000,0.660000,0.980000,0.660000,0.133523,0.400308,0.233231,0.167396
0.980000,0.660000,0.660000,0.980000,0.980000,0.134553,0.400308,0.233231,0.167396
0.980000,0.660000,0.980000,0.020000,0.020000,0.134791,0.402477,0.232508,0.167396
0.980000,0.660000,0.980000,0.020000,0.340000,0.134791,0.402477,0.232508,0.167396
0.980000,0.660000,0.980000,0.020000,0.660000,0.134791,0.402477,0.232508,0.167396
0.980000,0.660000,0.980000,0.020000,0.980000,0.134670,0.402477,0.232508,0.167396
0.980000,0.660000,0.980000,0.340000,0.020000,0.134791,0.402477,0.232508,0.167396
0.980000,0.660000,0.980000,0.340000,0.340000,0.134791,0.402477,0.232508,0.167396
0.980000,0.660000,0.980000,0.340000,0.660000,0.134791,0.402477,0.232508,0.167396
0.980000,0.660000,0.980000,0.340000,0.980000,0.134670,0.402477,0.232508,0.167396
0.980000,0.660000,0.980000,0.660000,0.020000,0.133426,0.402477,0.232508,0.167396
0.980000,0.660000,0.980000,0.660000,0.340000,0.133426,0.402477,0.232508,0.167396
0.980000,0.660000,0.980000,0.660000,0.660000,0.133426,0.402477,0.232508,0.167396
0.980000,0.660000,0.980000,0.660000,0.980000,0.133426,0.402477,0.232508,0.167396
0.980000,0.660000,0.980000,0.980000,0.020000,0.134553,0.402477,0.232508,0.167396
0.980000,0.660000,0.980000,0.980000,0.340000,0.134553,0.402477,0.232508,0.167396
0.980000,0.660000,0.980000,0.980000,0.660000,0.134553,0.402477,0.232508,0.167396
0.980000,0.660000,0.980000,0.980000,0.980000,0.134553,0.402477,0.232508,0.167396
0.980000,0.980000,0.020000,0.020000,0.020000,0.134791,0.402573,0.232476,0.167396
0.980000,0.980000,0.020000,0.020000,0.340000,0.134791,0.402573,0.232476,0.167396
0.980000,0.980000,0.020000,0.020000,0.660000,0.134791,0.402573,0.232476,0.167396
0.980000,0.980000,0.020000,0.020000,0.980000,0.134670,0.402573,0.232476,0.167396
0.980000,0.980000,0.020000,0.340000,0.020000,0.134791,0.402573,0.232476,0.167396
0.980000,0.980000,0.020000,0.340000,0.340000,0.134791,0.402573,0.232476,0.167396
0.980000,0.980000,0.020000,0.340000,0.660000,0.134791,0.402573,0.232476,0.167396
0.980000,0.980000,0.020000,0.340000,0.980000,0.134670,0.402573,0.232476,0.167396
0.980000,0.980000,0.020000,0.660000,0.020000,0.133426,0.402573,0.232476,0.167396
0.980000,0.980000,0.020000,0.660000,0.340000,0.133426,0.402573,0.232476,0.167396
0.980000,0.980000,0.020000,0.660000,0.660000,0.133426,0.402573,0.232476,0.167396
0.980000,0.980000,0.020000,0.660000,0.980000,0.133426,0.402573,0.232476,0.167396
0.980000,0.980000,0.020000,0.980000,0.020000,0.134553,0.402573,0.232476,0.167396
0.980000,0.980000,0.020000,0.980000,0.340000,0.134553,0.402573,0.232476,0.167396
0.980000,0.980000,0.020000,0.980000,0.660000,0.134553,0.402573,0.232476,0.167396
0.980000,0.980000,0.020000,0.980000,0.980000,0.134553,0.402573,0.232476,0.167396
0.980000,0.980000,0.340000,0.020000,0.020000,0.199299,0.402571,0.232476,0.167396
0.980000,0.980000,0.340000,0.020000,0.340000,0.317178,0.402571,0.232476,0.167396
0.980000,0.980000,0.340000,0.020000,0.660000,0.134791,0.402571,0.232476,0.167396
0.980000,0.980000,0.340000,0.020000,0.980000,0.134670,0.402571,0.232476,0.167396
0.980000,0.980000,0.340000,0.340000,0.020000,0.199299,0.402571,0.232476,0.167396
0.980000,0.980000,0.340000,0.340000,0.340000,0.318311,0.402571,0.232476,0.167396
0.980000,0.980000,0.340000,0.340000,0.660000,0.134791,0.402571,0.232476,0.167396
0.980000,0.980000,0.340000,0.340000,0.980000,0.134670,0.402571,0.232476,0.167396
0.980000,0.980000,0.340000,0.660000,0.020000,0.133426,0.402571,0.232476,0.167396
0.980000,0.980000,0.340000,0.660000,0.340000,0.133426,0.402571,0.232476,0.167396
0.980000,0.980000,0.340000,0.660000,0.660000,0.133426,0.402571,0.232476,0.167396
0.980000,0.980000,0.340000,0.660000,0.980000,0.133426,0.402571,0.232476,0.167396
0.980000,0.980000,0.340000,0.980000,0.020000,0.134553,0.402571,0.232476,0.167396
0.980000,0.980000,0.340000,0.980000,0.340000,0.134553,0.402571,0.232476,0.167396
0.980000,0.980000,0.340000,0.980000,0.660000,0.134553,0.402571,0.232476,0.167396
0.980000,0.980000,0.340000,0.980000,0.980000,0.134553,0.402571,0.232476,0.167396
0.980000,0.980000,0.660000,0.020000,0.020000,0.134791,0.402571,0.232476,0.167396
0.980000,0.980000,0.660000,0.020000,0.340000,0.134791,0.402571,0.232476,0.167396
0.980000,0.980000,0.660000,0.020000,0.660000,0.133523,0.402571,0.232476,0.167396
0.980000,0.980000,0.660000,0.020000,0.980000,0.134670,0.402571,0.232476,0.167396
0.980000,0.980000,0.660000,0.340000,0.020000,0.134791,0.402571,0.232476,0.167396
0.980000,0.980000,0.660000,0.340000,0.340000,0.134791,0.402571,0.232476,0.167396
0.980000,0.980000,0.660000,0.340000,0.660000,0.133523,0.402571,0.232476,0.167396
0.980000,0.980000,0.660000,0.340000,0.980000,0.134670,0.402571,0.232476,0.167396
0.980000,0.980000,0.660000,0.660000,0.020000,0.133426,0.402571,0.232476,0.167396
0.980000,0.980000,0.660000,0.660000,0.340000,0.133426,0.402571,0.232476,0.167396
0.980000,0.980000,0.660000,0.660000,0.660000,0.133426,0.402571,0.232476,0.167396
0.980000,0.980000,0.660000,0.660000,0.980000,0.133426,0.402571,0.232476,0.167396
0.980000,0.980000,0.660000,0.980000,0.020000,0.134553,0.402571,0.232476,0.167396
0.980000,0.980000,0.660000,0.980000,0.340000,0.134553,0.402571,0.232476,0.167396
0.980000,0.980000,0.660000,0.980000,0.660000,0.133523,0.402571,0.232476,0.167396
0.980000,0.980000,0.660000,0.980000,0.980000,0.134553,0.402571,0.232476,0.167396
0.980000,0.980000,0.980000,0.020000,0.020000,0.134791,0.402571,0.232476,0.167396
0.980000,0.980000,0.980000,0.020000,0.340000,0.134791,0.402571,0.232476,0.167396
0.980000,0.980000,0.980000,0.020000,0.660000,0.134791,0.402571,0.232476,0.167396
0.980000,0.980000,0.980000,0.020000,0.980000,0.134670,0.402571,0.232476,0.167396
0.980000,0.980000,0.980000,0.340000,0.020000,0.134791,0.402571,0.232476,0.167396
0.980000,0.980000,0.980000,0.340000,0.340000,0.134791,0.402571,0.232476,0.167396
0.980000,0.980000,0.980000,0.340000,0.660000,0.134791,0.402571,0.232476,0.167396
0.980000,0.980000,0.980000,0.340000,0.980000,0.134670,0.402571,0.232476,0.167396
0.980000,0.980000,0.980000,0.660000,0.020000,0.133426,0.402571,0.232476,0.167396
0.980000,0.980000,0.980000,0.660000,0.340000,0.133426,0.402571,0.232476,0.167396
0.980000,0.980000,0.980000,0.660000,0.660000,0.133426,0.402571,0.232476,0.167396
0.980000,0.980000,0.980000,0.660000,0.980000,0.133426,0.402571,0.232476,0.167396
0.980000,0.980000,0.980000,0.980000,0.020000,0.134553,0.402571,0.232476,0.167396
0.980000,0.980000,0.980000,0.980000,0.340000,0.134553,0.402571,0.232476,0.167396
0.980000,0.980000,0.980000,0.980000,0.660000,0.134553,0.402571,0.232476,0.167396
0.980000,0.980000,0.980000,0.980000,0.980000,0.134553,0.402571,0.232476,0.167396
